y_val,x_val,data_channel
0,0,28
0,1,28
0,2,26
0,3,25
0,4,24
0,5,23
0,6,21
0,7,20
0,8,19
0,9,21
0,10,21
0,11,18
0,12,18
0,13,19
0,14,20
0,15,18
0,16,18
0,17,19
0,18,19
0,19,20
0,20,20
0,21,21
0,22,21
0,23,21
0,24,20
0,25,21
0,26,22
0,27,22
0,28,23
0,29,23
0,30,23
0,31,23
0,32,22
0,33,22
0,34,22
0,35,22
0,36,22
0,37,22
0,38,21
0,39,20
0,40,22
0,41,22
0,42,22
0,43,22
0,44,22
0,45,22
0,46,22
0,47,22
0,48,21
0,49,21
0,50,22
0,51,22
0,52,23
0,53,23
0,54,23
0,55,23
0,56,22
0,57,22
0,58,22
0,59,22
0,60,22
0,61,22
0,62,22
0,63,23
0,64,21
0,65,23
0,66,24
0,67,22
0,68,21
0,69,21
0,70,21
0,71,20
0,72,21
0,73,21
0,74,22
0,75,23
0,76,23
0,77,23
0,78,23
0,79,23
0,80,22
1,0,31
1,1,30
1,2,28
1,3,27
1,4,26
1,5,25
1,6,23
1,7,22
1,8,21
1,9,22
1,10,21
1,11,19
1,12,19
1,13,20
1,14,19
1,15,18
1,16,19
1,17,19
1,18,20
1,19,20
1,20,21
1,21,21
1,22,21
1,23,21
1,24,21
1,25,22
1,26,22
1,27,23
1,28,23
1,29,23
1,30,23
1,31,23
1,32,23
1,33,22
1,34,22
1,35,22
1,36,22
1,37,22
1,38,21
1,39,20
1,40,22
1,41,22
1,42,22
1,43,22
1,44,22
1,45,22
1,46,22
1,47,22
1,48,22
1,49,22
1,50,22
1,51,22
1,52,22
1,53,22
1,54,22
1,55,22
1,56,23
1,57,22
1,58,22
1,59,22
1,60,22
1,61,22
1,62,22
1,63,22
1,64,22
1,65,23
1,66,23
1,67,22
1,68,21
1,69,21
1,70,21
1,71,21
1,72,21
1,73,21
1,74,22
1,75,22
1,76,23
1,77,23
1,78,23
1,79,23
1,80,23
2,0,33
2,1,31
2,2,30
2,3,28
2,4,27
2,5,26
2,6,25
2,7,25
2,8,24
2,9,23
2,10,22
2,11,21
2,12,20
2,13,20
2,14,19
2,15,18
2,16,20
2,17,20
2,18,20
2,19,20
2,20,21
2,21,21
2,22,21
2,23,21
2,24,22
2,25,23
2,26,23
2,27,23
2,28,23
2,29,23
2,30,24
2,31,24
2,32,23
2,33,23
2,34,22
2,35,22
2,36,22
2,37,21
2,38,21
2,39,21
2,40,22
2,41,22
2,42,22
2,43,22
2,44,22
2,45,22
2,46,22
2,47,22
2,48,22
2,49,22
2,50,22
2,51,22
2,52,22
2,53,22
2,54,21
2,55,21
2,56,23
2,57,23
2,58,23
2,59,22
2,60,22
2,61,21
2,62,21
2,63,21
2,64,22
2,65,23
2,66,23
2,67,22
2,68,22
2,69,22
2,70,22
2,71,21
2,72,21
2,73,21
2,74,21
2,75,22
2,76,22
2,77,22
2,78,23
2,79,23
2,80,24
3,0,33
3,1,32
3,2,30
3,3,29
3,4,28
3,5,27
3,6,26
3,7,26
3,8,27
3,9,25
3,10,23
3,11,23
3,12,23
3,13,22
3,14,20
3,15,19
3,16,20
3,17,20
3,18,20
3,19,20
3,20,20
3,21,21
3,22,21
3,23,21
3,24,23
3,25,23
3,26,23
3,27,23
3,28,23
3,29,23
3,30,24
3,31,24
3,32,23
3,33,22
3,34,22
3,35,22
3,36,21
3,37,21
3,38,21
3,39,22
3,40,21
3,41,21
3,42,22
3,43,22
3,44,22
3,45,22
3,46,22
3,47,22
3,48,22
3,49,22
3,50,22
3,51,22
3,52,22
3,53,21
3,54,21
3,55,21
3,56,23
3,57,23
3,58,23
3,59,22
3,60,22
3,61,21
3,62,21
3,63,21
3,64,23
3,65,22
3,66,22
3,67,21
3,68,22
3,69,22
3,70,22
3,71,22
3,72,21
3,73,21
3,74,21
3,75,21
3,76,21
3,77,22
3,78,22
3,79,23
3,80,24
4,0,34
4,1,33
4,2,31
4,3,30
4,4,29
4,5,29
4,6,28
4,7,28
4,8,28
4,9,26
4,10,25
4,11,25
4,12,25
4,13,24
4,14,22
4,15,22
4,16,22
4,17,22
4,18,22
4,19,21
4,20,21
4,21,21
4,22,22
4,23,22
4,24,23
4,25,23
4,26,23
4,27,23
4,28,23
4,29,23
4,30,23
4,31,23
4,32,22
4,33,22
4,34,22
4,35,21
4,36,21
4,37,22
4,38,22
4,39,23
4,40,21
4,41,21
4,42,22
4,43,22
4,44,22
4,45,22
4,46,22
4,47,22
4,48,21
4,49,21
4,50,21
4,51,21
4,52,21
4,53,21
4,54,21
4,55,21
4,56,22
4,57,22
4,58,22
4,59,22
4,60,22
4,61,22
4,62,22
4,63,22
4,64,22
4,65,22
4,66,21
4,67,22
4,68,22
4,69,22
4,70,22
4,71,22
4,72,21
4,73,21
4,74,21
4,75,21
4,76,21
4,77,22
4,78,23
4,79,23
4,80,24
5,0,34
5,1,33
5,2,32
5,3,31
5,4,31
5,5,31
5,6,30
5,7,30
5,8,29
5,9,28
5,10,27
5,11,26
5,12,26
5,13,26
5,14,25
5,15,24
5,16,24
5,17,24
5,18,24
5,19,23
5,20,23
5,21,23
5,22,23
5,23,23
5,24,23
5,25,23
5,26,23
5,27,23
5,28,23
5,29,23
5,30,23
5,31,23
5,32,22
5,33,22
5,34,22
5,35,22
5,36,22
5,37,22
5,38,22
5,39,23
5,40,21
5,41,21
5,42,21
5,43,22
5,44,22
5,45,22
5,46,22
5,47,22
5,48,21
5,49,21
5,50,21
5,51,21
5,52,21
5,53,21
5,54,21
5,55,21
5,56,21
5,57,22
5,58,22
5,59,22
5,60,22
5,61,22
5,62,22
5,63,23
5,64,22
5,65,21
5,66,22
5,67,22
5,68,22
5,69,22
5,70,22
5,71,23
5,72,21
5,73,21
5,74,22
5,75,22
5,76,21
5,77,22
5,78,23
5,79,24
5,80,24
6,0,34
6,1,33
6,2,33
6,3,33
6,4,33
6,5,32
6,6,32
6,7,31
6,8,30
6,9,31
6,10,30
6,11,28
6,12,27
6,13,28
6,14,27
6,15,25
6,16,25
6,17,25
6,18,24
6,19,23
6,20,23
6,21,23
6,22,23
6,23,23
6,24,22
6,25,23
6,26,23
6,27,23
6,28,23
6,29,23
6,30,23
6,31,23
6,32,22
6,33,22
6,34,23
6,35,22
6,36,22
6,37,21
6,38,22
6,39,22
6,40,20
6,41,21
6,42,21
6,43,22
6,44,22
6,45,22
6,46,22
6,47,22
6,48,21
6,49,21
6,50,21
6,51,21
6,52,21
6,53,21
6,54,21
6,55,21
6,56,20
6,57,21
6,58,22
6,59,22
6,60,22
6,61,22
6,62,22
6,63,23
6,64,21
6,65,21
6,66,22
6,67,24
6,68,23
6,69,22
6,70,22
6,71,24
6,72,20
6,73,21
6,74,22
6,75,22
6,76,22
6,77,22
6,78,23
6,79,24
6,80,24
7,0,33
7,1,33
7,2,32
7,3,33
7,4,33
7,5,33
7,6,32
7,7,31
7,8,30
7,9,32
7,10,32
7,11,29
7,12,27
7,13,28
7,14,28
7,15,26
7,16,25
7,17,24
7,18,23
7,19,23
7,20,22
7,21,22
7,22,22
7,23,22
7,24,23
7,25,23
7,26,23
7,27,24
7,28,24
7,29,24
7,30,23
7,31,23
7,32,22
7,33,23
7,34,23
7,35,23
7,36,22
7,37,21
7,38,21
7,39,21
7,40,20
7,41,21
7,42,21
7,43,22
7,44,22
7,45,22
7,46,22
7,47,22
7,48,21
7,49,21
7,50,21
7,51,21
7,52,21
7,53,21
7,54,20
7,55,20
7,56,21
7,57,22
7,58,23
7,59,23
7,60,22
7,61,22
7,62,22
7,63,23
7,64,21
7,65,22
7,66,23
7,67,25
7,68,24
7,69,22
7,70,23
7,71,25
7,72,20
7,73,21
7,74,22
7,75,23
7,76,22
7,77,22
7,78,23
7,79,24
7,80,25
8,0,32
8,1,32
8,2,32
8,3,33
8,4,33
8,5,33
8,6,33
8,7,33
8,8,35
8,9,34
8,10,31
8,11,29
8,12,29
8,13,29
8,14,27
8,15,24
8,16,24
8,17,24
8,18,24
8,19,24
8,20,23
8,21,23
8,22,23
8,23,22
8,24,23
8,25,23
8,26,23
8,27,24
8,28,24
8,29,24
8,30,23
8,31,22
8,32,22
8,33,23
8,34,23
8,35,22
8,36,21
8,37,22
8,38,21
8,39,20
8,40,20
8,41,21
8,42,21
8,43,20
8,44,20
8,45,22
8,46,23
8,47,24
8,48,19
8,49,20
8,50,21
8,51,22
8,52,23
8,53,19
8,54,18
8,55,22
8,56,17
8,57,23
8,58,23
8,59,20
8,60,19
8,61,20
8,62,18
8,63,23
8,64,21
8,65,24
8,66,21
8,67,5
8,68,11
8,69,22
8,70,24
8,71,20
8,72,24
8,73,27
8,74,22
8,75,22
8,76,22
8,77,25
8,78,22
8,79,24
8,80,25
9,0,30
9,1,31
9,2,32
9,3,33
9,4,33
9,5,34
9,6,34
9,7,34
9,8,33
9,9,33
9,10,32
9,11,30
9,12,30
9,13,30
9,14,30
9,15,28
9,16,24
9,17,24
9,18,24
9,19,24
9,20,24
9,21,24
9,22,24
9,23,23
9,24,24
9,25,24
9,26,24
9,27,24
9,28,24
9,29,24
9,30,23
9,31,22
9,32,22
9,33,23
9,34,23
9,35,22
9,36,22
9,37,22
9,38,22
9,39,21
9,40,22
9,41,20
9,42,20
9,43,21
9,44,20
9,45,22
9,46,23
9,47,21
9,48,24
9,49,21
9,50,19
9,51,19
9,52,20
9,53,21
9,54,20
9,55,19
9,56,21
9,57,19
9,58,19
9,59,24
9,60,20
9,61,19
9,62,23
9,63,19
9,64,22
9,65,17
9,66,31
9,67,79
9,68,64
9,69,29
9,70,22
9,71,19
9,72,21
9,73,19
9,74,19
9,75,25
9,76,23
9,77,24
9,78,23
9,79,25
9,80,25
10,0,31
10,1,31
10,2,32
10,3,33
10,4,34
10,5,35
10,6,35
10,7,35
10,8,34
10,9,34
10,10,33
10,11,31
10,12,30
10,13,29
10,14,29
10,15,29
10,16,24
10,17,24
10,18,24
10,19,25
10,20,25
10,21,25
10,22,25
10,23,25
10,24,24
10,25,24
10,26,24
10,27,24
10,28,24
10,29,24
10,30,23
10,31,22
10,32,22
10,33,23
10,34,23
10,35,22
10,36,22
10,37,22
10,38,22
10,39,21
10,40,23
10,41,22
10,42,24
10,43,24
10,44,19
10,45,18
10,46,21
10,47,21
10,48,19
10,49,20
10,50,22
10,51,21
10,52,16
10,53,18
10,54,23
10,55,23
10,56,21
10,57,20
10,58,24
10,59,25
10,60,24
10,61,23
10,62,22
10,63,21
10,64,27
10,65,32
10,66,77
10,67,139
10,68,112
10,69,7
10,70,24
10,71,24
10,72,22
10,73,25
10,74,22
10,75,21
10,76,22
10,77,24
10,78,22
10,79,23
10,80,25
11,0,32
11,1,33
11,2,34
11,3,34
11,4,35
11,5,36
11,6,36
11,7,36
11,8,34
11,9,34
11,10,33
11,11,31
11,12,30
11,13,28
11,14,28
11,15,27
11,16,25
11,17,25
11,18,25
11,19,25
11,20,25
11,21,25
11,22,25
11,23,24
11,24,24
11,25,23
11,26,23
11,27,24
11,28,24
11,29,24
11,30,23
11,31,23
11,32,22
11,33,23
11,34,23
11,35,22
11,36,22
11,37,22
11,38,22
11,39,21
11,40,22
11,41,22
11,42,22
11,43,22
11,44,22
11,45,22
11,46,22
11,47,25
11,48,19
11,49,20
11,50,22
11,51,23
11,52,22
11,53,22
11,54,22
11,55,20
11,56,21
11,57,23
11,58,27
11,59,20
11,60,21
11,61,20
11,62,24
11,63,26
11,64,34
11,65,70
11,66,110
11,67,148
11,68,97
11,69,5
11,70,26
11,71,19
11,72,23
11,73,20
11,74,22
11,75,26
11,76,23
11,77,23
11,78,24
11,79,22
11,80,25
12,0,33
12,1,33
12,2,34
12,3,35
12,4,36
12,5,36
12,6,36
12,7,37
12,8,34
12,9,33
12,10,31
12,11,31
12,12,31
12,13,30
12,14,29
12,15,28
12,16,26
12,17,26
12,18,25
12,19,25
12,20,25
12,21,24
12,22,24
12,23,24
12,24,23
12,25,23
12,26,23
12,27,23
12,28,24
12,29,24
12,30,24
12,31,23
12,32,21
12,33,22
12,34,22
12,35,21
12,36,21
12,37,22
12,38,21
12,39,20
12,40,19
12,41,23
12,42,21
12,43,21
12,44,24
12,45,21
12,46,18
12,47,22
12,48,23
12,49,22
12,50,20
12,51,19
12,52,22
12,53,22
12,54,20
12,55,21
12,56,23
12,57,26
12,58,53
12,59,66
12,60,57
12,61,28
12,62,27
12,63,32
12,64,60
12,65,107
12,66,145
12,67,137
12,68,56
12,69,14
12,70,26
12,71,22
12,72,23
12,73,23
12,74,22
12,75,23
12,76,25
12,77,24
12,78,25
12,79,28
12,80,25
13,0,30
13,1,31
13,2,32
13,3,34
13,4,35
13,5,36
13,6,36
13,7,37
13,8,36
13,9,34
13,10,32
13,11,32
13,12,32
13,13,31
13,14,29
13,15,28
13,16,27
13,17,26
13,18,26
13,19,25
13,20,25
13,21,24
13,22,24
13,23,23
13,24,23
13,25,23
13,26,23
13,27,23
13,28,24
13,29,24
13,30,24
13,31,24
13,32,21
13,33,22
13,34,22
13,35,21
13,36,21
13,37,21
13,38,21
13,39,20
13,40,18
13,41,21
13,42,20
13,43,19
13,44,25
13,45,24
13,46,21
13,47,21
13,48,22
13,49,26
13,50,25
13,51,21
13,52,21
13,53,21
13,54,21
13,55,25
13,56,24
13,57,32
13,58,111
13,59,157
13,60,138
13,61,52
13,62,21
13,63,65
13,64,119
13,65,154
13,66,164
13,67,111
13,68,14
13,69,31
13,70,26
13,71,25
13,72,28
13,73,26
13,74,24
13,75,22
13,76,25
13,77,20
13,78,21
13,79,25
13,80,25
14,0,28
14,1,29
14,2,30
14,3,31
14,4,32
14,5,33
14,6,34
14,7,34
14,8,36
14,9,34
14,10,33
14,11,33
14,12,31
14,13,29
14,14,28
14,15,28
14,16,27
14,17,27
14,18,26
14,19,26
14,20,25
14,21,25
14,22,24
14,23,24
14,24,23
14,25,23
14,26,23
14,27,23
14,28,24
14,29,24
14,30,23
14,31,23
14,32,22
14,33,22
14,34,22
14,35,21
14,36,21
14,37,21
14,38,21
14,39,20
14,40,21
14,41,23
14,42,25
14,43,24
14,44,23
14,45,22
14,46,15
14,47,8
14,48,14
14,49,25
14,50,29
14,51,24
14,52,19
14,53,22
14,54,25
14,55,26
14,56,21
14,57,44
14,58,144
14,59,198
14,60,176
14,61,69
14,62,40
14,63,123
14,64,176
14,65,188
14,66,158
14,67,61
14,68,20
14,69,28
14,70,24
14,71,10
14,72,3
14,73,4
14,74,16
14,75,22
14,76,26
14,77,25
14,78,27
14,79,23
14,80,25
15,0,27
15,1,28
15,2,29
15,3,30
15,4,30
15,5,31
15,6,31
15,7,31
15,8,32
15,9,32
15,10,32
15,11,32
15,12,31
15,13,28
15,14,29
15,15,30
15,16,28
15,17,27
15,18,27
15,19,26
15,20,26
15,21,25
15,22,25
15,23,25
15,24,24
15,25,23
15,26,23
15,27,23
15,28,23
15,29,23
15,30,23
15,31,22
15,32,22
15,33,23
15,34,23
15,35,22
15,36,21
15,37,21
15,38,21
15,39,20
15,40,21
15,41,24
15,42,27
15,43,18
15,44,12
15,45,34
15,46,70
15,47,90
15,48,103
15,49,111
15,50,102
15,51,66
15,52,28
15,53,17
15,54,24
15,55,28
15,56,14
15,57,55
15,58,139
15,59,186
15,60,165
15,61,76
15,62,87
15,63,163
15,64,194
15,65,189
15,66,115
15,67,24
15,68,23
15,69,4
15,70,37
15,71,80
15,72,110
15,73,127
15,74,85
15,75,22
15,76,22
15,77,30
15,78,24
15,79,22
15,80,25
16,0,25
16,1,26
16,2,27
16,3,28
16,4,28
16,5,29
16,6,30
16,7,30
16,8,30
16,9,30
16,10,31
16,11,31
16,12,30
16,13,29
16,14,28
16,15,29
16,16,26
16,17,27
16,18,27
16,19,25
16,20,25
16,21,25
16,22,25
16,23,24
16,24,23
16,25,23
16,26,24
16,27,24
16,28,23
16,29,22
16,30,22
16,31,23
16,32,24
16,33,24
16,34,23
16,35,20
16,36,19
16,37,20
16,38,21
16,39,20
16,40,16
16,41,8
16,42,3
16,43,31
16,44,79
16,45,123
16,46,157
16,47,185
16,48,193
16,49,189
16,50,175
16,51,160
16,52,121
16,53,70
16,54,32
16,55,29
16,56,23
16,57,53
16,58,142
16,59,187
16,60,174
16,61,124
16,62,116
16,63,174
16,64,194
16,65,162
16,66,75
16,67,44
16,68,68
16,69,110
16,70,142
16,71,166
16,72,177
16,73,176
16,74,106
16,75,10
16,76,21
16,77,24
16,78,22
16,79,30
16,80,25
17,0,24
17,1,25
17,2,26
17,3,27
17,4,27
17,5,28
17,6,28
17,7,29
17,8,28
17,9,29
17,10,29
17,11,29
17,12,29
17,13,28
17,14,28
17,15,28
17,16,26
17,17,26
17,18,26
17,19,25
17,20,24
17,21,24
17,22,24
17,23,23
17,24,22
17,25,23
17,26,23
17,27,23
17,28,22
17,29,22
17,30,22
17,31,22
17,32,21
17,33,22
17,34,22
17,35,21
17,36,21
17,37,22
17,38,22
17,39,21
17,40,19
17,41,114
17,42,160
17,43,162
17,44,174
17,45,187
17,46,180
17,47,175
17,48,183
17,49,206
17,50,206
17,51,201
17,52,187
17,53,156
17,54,106
17,55,53
17,56,10
17,57,52
17,58,140
17,59,182
17,60,171
17,61,138
17,62,140
17,63,170
17,64,181
17,65,154
17,66,132
17,67,143
17,68,162
17,69,162
17,70,155
17,71,138
17,72,111
17,73,82
17,74,44
17,75,19
17,76,24
17,77,26
17,78,21
17,79,22
17,80,25
18,0,23
18,1,24
18,2,24
18,3,25
18,4,25
18,5,25
18,6,26
18,7,27
18,8,26
18,9,26
18,10,27
18,11,27
18,12,27
18,13,27
18,14,27
18,15,27
18,16,25
18,17,25
18,18,25
18,19,24
18,20,23
18,21,23
18,22,22
18,23,21
18,24,22
18,25,22
18,26,23
18,27,22
18,28,22
18,29,21
18,30,21
18,31,21
18,32,20
18,33,21
18,34,22
18,35,22
18,36,22
18,37,23
18,38,23
18,39,22
18,40,24
18,41,139
18,42,191
18,43,176
18,44,160
18,45,142
18,46,105
18,47,78
18,48,78
18,49,118
18,50,178
18,51,198
18,52,195
18,53,191
18,54,179
18,55,137
18,56,95
18,57,91
18,58,141
18,59,154
18,60,152
18,61,151
18,62,143
18,63,144
18,64,161
18,65,159
18,66,178
18,67,182
18,68,153
18,69,109
18,70,56
18,71,5
18,72,1
18,73,1
18,74,17
18,75,23
18,76,25
18,77,24
18,78,29
18,79,28
18,80,25
19,0,21
19,1,22
19,2,23
19,3,23
19,4,23
19,5,23
19,6,24
19,7,24
19,8,24
19,9,25
19,10,25
19,11,26
19,12,26
19,13,26
19,14,25
19,15,25
19,16,24
19,17,24
19,18,24
19,19,23
19,20,22
19,21,21
19,22,21
19,23,20
19,24,22
19,25,22
19,26,22
19,27,22
19,28,22
19,29,22
19,30,21
19,31,21
19,32,22
19,33,23
19,34,23
19,35,23
19,36,23
19,37,23
19,38,23
19,39,23
19,40,23
19,41,41
19,42,46
19,43,50
19,44,32
19,45,7
19,46,4
19,47,11
19,48,11
19,49,8
19,50,94
19,51,162
19,52,188
19,53,187
19,54,185
19,55,179
19,56,156
19,57,132
19,58,142
19,59,139
19,60,139
19,61,147
19,62,143
19,63,123
19,64,144
19,65,166
19,66,179
19,67,130
19,68,37
19,69,3
19,70,6
19,71,28
19,72,36
19,73,30
19,74,29
19,75,23
19,76,26
19,77,23
19,78,25
19,79,24
19,80,25
20,0,20
20,1,21
20,2,21
20,3,22
20,4,22
20,5,22
20,6,22
20,7,22
20,8,24
20,9,24
20,10,24
20,11,25
20,12,25
20,13,24
20,14,24
20,15,23
20,16,24
20,17,23
20,18,23
20,19,23
20,20,22
20,21,21
20,22,21
20,23,21
20,24,22
20,25,22
20,26,23
20,27,23
20,28,23
20,29,23
20,30,23
20,31,22
20,32,25
20,33,24
20,34,24
20,35,24
20,36,24
20,37,24
20,38,24
20,39,25
20,40,24
20,41,15
20,42,7
20,43,17
20,44,22
20,45,30
20,46,38
20,47,33
20,48,36
20,49,32
20,50,24
20,51,97
20,52,167
20,53,191
20,54,185
20,55,173
20,56,157
20,57,145
20,58,152
20,59,141
20,60,135
20,61,142
20,62,144
20,63,128
20,64,132
20,65,157
20,66,154
20,67,87
20,68,19
20,69,30
20,70,35
20,71,26
20,72,25
20,73,27
20,74,22
20,75,27
20,76,21
20,77,25
20,78,23
20,79,25
20,80,25
21,0,20
21,1,20
21,2,21
21,3,21
21,4,21
21,5,21
21,6,21
21,7,22
21,8,24
21,9,24
21,10,24
21,11,24
21,12,24
21,13,24
21,14,23
21,15,22
21,16,23
21,17,22
21,18,22
21,19,23
21,20,23
21,21,22
21,22,22
21,23,23
21,24,23
21,25,23
21,26,23
21,27,24
21,28,25
21,29,25
21,30,25
21,31,24
21,32,26
21,33,25
21,34,25
21,35,26
21,36,27
21,37,27
21,38,27
21,39,28
21,40,27
21,41,33
21,42,29
21,43,31
21,44,31
21,45,33
21,46,31
21,47,29
21,48,31
21,49,34
21,50,28
21,51,19
21,52,92
21,53,167
21,54,194
21,55,180
21,56,151
21,57,141
21,58,154
21,59,145
21,60,141
21,61,142
21,62,140
21,63,141
21,64,134
21,65,139
21,66,159
21,67,132
21,68,66
21,69,26
21,70,24
21,71,28
21,72,21
21,73,27
21,74,22
21,75,21
21,76,22
21,77,27
21,78,27
21,79,27
21,80,25
22,0,20
22,1,20
22,2,21
22,3,21
22,4,21
22,5,21
22,6,21
22,7,22
22,8,24
22,9,24
22,10,24
22,11,24
22,12,24
22,13,24
22,14,23
22,15,22
22,16,22
22,17,22
22,18,22
22,19,23
22,20,24
22,21,24
22,22,24
22,23,25
22,24,24
22,25,24
22,26,25
22,27,25
22,28,27
22,29,27
22,30,27
22,31,27
22,32,27
22,33,26
22,34,27
22,35,29
22,36,29
22,37,29
22,38,29
22,39,30
22,40,30
22,41,33
22,42,29
22,43,29
22,44,34
22,45,33
22,46,26
22,47,35
22,48,31
22,49,29
22,50,34
22,51,26
22,52,20
22,53,90
22,54,166
22,55,184
22,56,151
22,57,143
22,58,148
22,59,153
22,60,154
22,61,139
22,62,139
22,63,137
22,64,136
22,65,144
22,66,164
22,67,158
22,68,105
22,69,43
22,70,22
22,71,26
22,72,23
22,73,24
22,74,25
22,75,23
22,76,34
22,77,26
22,78,26
22,79,22
22,80,26
23,0,20
23,1,20
23,2,21
23,3,21
23,4,21
23,5,21
23,6,22
23,7,22
23,8,24
23,9,24
23,10,24
23,11,24
23,12,24
23,13,24
23,14,23
23,15,22
23,16,22
23,17,21
23,18,22
23,19,24
23,20,25
23,21,25
23,22,25
23,23,27
23,24,25
23,25,25
23,26,25
23,27,26
23,28,28
23,29,28
23,30,28
23,31,28
23,32,28
23,33,27
23,34,29
23,35,31
23,36,31
23,37,30
23,38,29
23,39,30
23,40,29
23,41,34
23,42,35
23,43,31
23,44,32
23,45,38
23,46,31
23,47,34
23,48,27
23,49,35
23,50,26
23,51,33
23,52,31
23,53,16
23,54,115
23,55,174
23,56,158
23,57,142
23,58,144
23,59,146
23,60,158
23,61,158
23,62,154
23,63,151
23,64,143
23,65,158
23,66,155
23,67,164
23,68,143
23,69,89
23,70,36
23,71,25
23,72,24
23,73,26
23,74,26
23,75,26
23,76,22
23,77,25
23,78,31
23,79,25
23,80,26
24,0,19
24,1,21
24,2,22
24,3,22
24,4,21
24,5,21
24,6,22
24,7,23
24,8,24
24,9,24
24,10,24
24,11,24
24,12,24
24,13,24
24,14,24
24,15,24
24,16,24
24,17,24
24,18,24
24,19,25
24,20,25
24,21,25
24,22,25
24,23,25
24,24,25
24,25,26
24,26,27
24,27,28
24,28,28
24,29,29
24,30,29
24,31,30
24,32,29
24,33,29
24,34,31
24,35,32
24,36,32
24,37,33
24,38,33
24,39,33
24,40,33
24,41,32
24,42,32
24,43,38
24,44,32
24,45,34
24,46,31
24,47,32
24,48,31
24,49,29
24,50,34
24,51,50
24,52,92
24,53,116
24,54,161
24,55,192
24,56,172
24,57,147
24,58,144
24,59,145
24,60,146
24,61,149
24,62,155
24,63,146
24,64,147
24,65,156
24,66,159
24,67,162
24,68,159
24,69,131
24,70,79
24,71,31
24,72,27
24,73,26
24,74,22
24,75,22
24,76,26
24,77,29
24,78,25
24,79,25
24,80,26
25,0,20
25,1,21
25,2,22
25,3,22
25,4,21
25,5,21
25,6,22
25,7,22
25,8,24
25,9,24
25,10,24
25,11,24
25,12,24
25,13,24
25,14,24
25,15,24
25,16,24
25,17,24
25,18,24
25,19,25
25,20,25
25,21,26
25,22,27
25,23,27
25,24,27
25,25,28
25,26,29
25,27,29
25,28,30
25,29,30
25,30,31
25,31,31
25,32,34
25,33,33
25,34,33
25,35,33
25,36,33
25,37,33
25,38,34
25,39,34
25,40,35
25,41,35
25,42,38
25,43,32
25,44,36
25,45,34
25,46,34
25,47,36
25,48,37
25,49,39
25,50,49
25,51,112
25,52,171
25,53,183
25,54,191
25,55,195
25,56,178
25,57,152
25,58,142
25,59,142
25,60,148
25,61,151
25,62,151
25,63,142
25,64,133
25,65,156
25,66,165
25,67,160
25,68,160
25,69,154
25,70,116
25,71,63
25,72,34
25,73,25
25,74,26
25,75,25
25,76,25
25,77,27
25,78,21
25,79,27
25,80,26
26,0,21
26,1,21
26,2,21
26,3,22
26,4,22
26,5,22
26,6,22
26,7,22
26,8,24
26,9,24
26,10,25
26,11,25
26,12,25
26,13,24
26,14,24
26,15,23
26,16,24
26,17,24
26,18,25
26,19,25
26,20,26
26,21,27
26,22,28
26,23,29
26,24,29
26,25,29
26,26,30
26,27,31
26,28,31
26,29,32
26,30,33
26,31,33
26,32,35
26,33,35
26,34,35
26,35,35
26,36,35
26,37,36
26,38,37
26,39,38
26,40,39
26,41,36
26,42,35
26,43,37
26,44,41
26,45,32
26,46,38
26,47,37
26,48,34
26,49,42
26,50,100
26,51,177
26,52,207
26,53,201
26,54,180
26,55,168
26,56,174
26,57,159
26,58,143
26,59,140
26,60,148
26,61,149
26,62,146
26,63,139
26,64,139
26,65,153
26,66,159
26,67,151
26,68,149
26,69,157
26,70,144
26,71,110
26,72,46
26,73,23
26,74,28
26,75,26
26,76,22
26,77,27
26,78,23
26,79,27
26,80,27
27,0,21
27,1,21
27,2,21
27,3,22
27,4,22
27,5,22
27,6,22
27,7,22
27,8,23
27,9,24
27,10,24
27,11,25
27,12,25
27,13,25
27,14,24
27,15,24
27,16,26
27,17,26
27,18,26
27,19,26
27,20,26
27,21,27
27,22,29
27,23,29
27,24,30
27,25,30
27,26,31
27,27,32
27,28,32
27,29,33
27,30,34
27,31,34
27,32,35
27,33,35
27,34,36
27,35,37
27,36,38
27,37,39
27,38,39
27,39,38
27,40,33
27,41,37
27,42,34
27,43,36
27,44,34
27,45,34
27,46,31
27,47,26
27,48,61
27,49,114
27,50,178
27,51,194
27,52,187
27,53,143
27,54,107
27,55,130
27,56,174
27,57,175
27,58,156
27,59,142
27,60,144
27,61,144
27,62,143
27,63,143
27,64,152
27,65,154
27,66,157
27,67,156
27,68,148
27,69,150
27,70,151
27,71,137
27,72,71
27,73,26
27,74,22
27,75,26
27,76,24
27,77,26
27,78,26
27,79,28
27,80,26
28,0,21
28,1,21
28,2,21
28,3,22
28,4,23
28,5,23
28,6,22
28,7,22
28,8,22
28,9,23
28,10,24
28,11,25
28,12,26
28,13,25
28,14,25
28,15,25
28,16,26
28,17,26
28,18,27
28,19,27
28,20,27
28,21,28
28,22,30
28,23,31
28,24,32
28,25,32
28,26,33
28,27,33
28,28,34
28,29,34
28,30,36
28,31,36
28,32,37
28,33,37
28,34,38
28,35,38
28,36,38
28,37,38
28,38,37
28,39,37
28,40,42
28,41,36
28,42,39
28,43,41
28,44,40
28,45,43
28,46,58
28,47,90
28,48,156
28,49,193
28,50,196
28,51,161
28,52,89
28,53,17
28,54,25
28,55,85
28,56,164
28,57,184
28,58,168
28,59,148
28,60,144
28,61,141
28,62,140
28,63,140
28,64,143
28,65,145
28,66,152
28,67,153
28,68,146
28,69,149
28,70,156
28,71,147
28,72,110
28,73,56
28,74,26
28,75,24
28,76,29
28,77,23
28,78,24
28,79,29
28,80,25
29,0,21
29,1,22
29,2,22
29,3,22
29,4,23
29,5,22
29,6,22
29,7,22
29,8,22
29,9,22
29,10,23
29,11,25
29,12,25
29,13,26
29,14,25
29,15,25
29,16,25
29,17,26
29,18,27
29,19,28
29,20,29
29,21,30
29,22,31
29,23,33
29,24,34
29,25,34
29,26,35
29,27,35
29,28,36
29,29,36
29,30,38
29,31,39
29,32,38
29,33,38
29,34,38
29,35,37
29,36,37
29,37,38
29,38,38
29,39,39
29,40,40
29,41,36
29,42,42
29,43,38
29,44,36
29,45,54
29,46,134
29,47,185
29,48,193
29,49,183
29,50,125
29,51,45
29,52,10
29,53,36
29,54,32
29,55,57
29,56,150
29,57,184
29,58,173
29,59,152
29,60,142
29,61,137
29,62,136
29,63,135
29,64,143
29,65,147
29,66,149
29,67,146
29,68,143
29,69,153
29,70,164
29,71,159
29,72,144
29,73,112
29,74,56
29,75,22
29,76,29
29,77,24
29,78,24
29,79,25
29,80,25
30,0,21
30,1,22
30,2,23
30,3,23
30,4,22
30,5,22
30,6,22
30,7,22
30,8,22
30,9,22
30,10,23
30,11,24
30,12,25
30,13,25
30,14,25
30,15,25
30,16,24
30,17,26
30,18,28
30,19,29
30,20,29
30,21,30
30,22,32
30,23,33
30,24,34
30,25,35
30,26,35
30,27,36
30,28,36
30,29,37
30,30,39
30,31,40
30,32,38
30,33,38
30,34,38
30,35,37
30,36,38
30,37,38
30,38,39
30,39,40
30,40,41
30,41,35
30,42,38
30,43,41
30,44,39
30,45,45
30,46,120
30,47,156
30,48,129
30,49,59
30,50,3
30,51,28
30,52,37
30,53,30
30,54,25
30,55,71
30,56,142
30,57,185
30,58,179
30,59,157
30,60,137
30,61,130
30,62,137
30,63,143
30,64,155
30,65,158
30,66,154
30,67,147
30,68,145
30,69,150
30,70,155
30,71,149
30,72,162
30,73,161
30,74,99
30,75,30
30,76,26
30,77,26
30,78,27
30,79,22
30,80,26
31,0,21
31,1,22
31,2,23
31,3,23
31,4,22
31,5,22
31,6,22
31,7,23
31,8,22
31,9,23
31,10,23
31,11,24
31,12,25
31,13,25
31,14,25
31,15,25
31,16,25
31,17,27
31,18,29
31,19,30
31,20,30
31,21,30
31,22,31
31,23,32
31,24,34
31,25,34
31,26,35
31,27,35
31,28,36
31,29,37
31,30,38
31,31,39
31,32,39
31,33,39
31,34,40
31,35,40
31,36,39
31,37,38
31,38,38
31,39,37
31,40,35
31,41,36
31,42,37
31,43,34
31,44,36
31,45,26
31,46,15
31,47,13
31,48,4
31,49,24
31,50,39
31,51,35
31,52,21
31,53,28
31,54,28
31,55,39
31,56,117
31,57,173
31,58,182
31,59,165
31,60,139
31,61,127
31,62,140
31,63,153
31,64,164
31,65,170
31,66,164
31,67,156
31,68,155
31,69,157
31,70,153
31,71,144
31,72,169
31,73,180
31,74,127
31,75,44
31,76,26
31,77,25
31,78,29
31,79,25
31,80,23
32,0,26
32,1,29
32,2,27
32,3,22
32,4,22
32,5,25
32,6,24
32,7,20
32,8,22
32,9,22
32,10,23
32,11,24
32,12,24
32,13,24
32,14,24
32,15,24
32,16,24
32,17,26
32,18,28
32,19,28
32,20,29
32,21,31
32,22,32
32,23,32
32,24,34
32,25,34
32,26,35
32,27,35
32,28,36
32,29,37
32,30,38
32,31,39
32,32,37
32,33,38
32,34,39
32,35,39
32,36,38
32,37,37
32,38,36
32,39,36
32,40,37
32,41,36
32,42,35
32,43,34
32,44,33
32,45,32
32,46,32
32,47,31
32,48,32
32,49,35
32,50,31
32,51,30
32,52,28
32,53,25
32,54,23
32,55,15
32,56,79
32,57,158
32,58,183
32,59,174
32,60,146
32,61,146
32,62,152
32,63,162
32,64,172
32,65,184
32,66,179
32,67,166
32,68,165
32,69,161
32,70,156
32,71,159
32,72,170
32,73,178
32,74,141
32,75,63
32,76,29
32,77,27
32,78,23
32,79,25
32,80,23
33,0,25
33,1,26
33,2,26
33,3,24
33,4,24
33,5,24
33,6,25
33,7,25
33,8,23
33,9,23
33,10,23
33,11,23
33,12,24
33,13,24
33,14,24
33,15,24
33,16,25
33,17,27
33,18,29
33,19,29
33,20,30
33,21,32
33,22,33
33,23,33
33,24,35
33,25,35
33,26,36
33,27,36
33,28,37
33,29,38
33,30,38
33,31,38
33,32,37
33,33,38
33,34,38
33,35,38
33,36,37
33,37,36
33,38,36
33,39,36
33,40,35
33,41,34
33,42,33
33,43,32
33,44,32
33,45,31
33,46,30
33,47,30
33,48,30
33,49,28
33,50,25
33,51,23
33,52,23
33,53,24
33,54,24
33,55,25
33,56,51
33,57,125
33,58,177
33,59,184
33,60,164
33,61,158
33,62,154
33,63,175
33,64,187
33,65,186
33,66,176
33,67,170
33,68,171
33,69,167
33,70,159
33,71,159
33,72,178
33,73,187
33,74,140
33,75,56
33,76,27
33,77,28
33,78,24
33,79,25
33,80,24
34,0,27
34,1,27
34,2,26
34,3,25
34,4,25
34,5,24
34,6,24
34,7,22
34,8,24
34,9,24
34,10,23
34,11,23
34,12,23
34,13,24
34,14,24
34,15,24
34,16,25
34,17,27
34,18,28
34,19,29
34,20,30
34,21,32
34,22,33
34,23,33
34,24,34
34,25,35
34,26,36
34,27,36
34,28,37
34,29,37
34,30,37
34,31,37
34,32,35
34,33,35
34,34,36
34,35,36
34,36,35
34,37,34
34,38,34
34,39,34
34,40,32
34,41,32
34,42,30
34,43,30
34,44,29
34,45,29
34,46,28
34,47,28
34,48,27
34,49,22
34,50,23
34,51,22
34,52,22
34,53,23
34,54,21
34,55,27
34,56,29
34,57,102
34,58,161
34,59,184
34,60,183
34,61,172
34,62,168
34,63,188
34,64,188
34,65,183
34,66,171
34,67,168
34,68,172
34,69,163
34,70,157
34,71,166
34,72,181
34,73,186
34,74,133
34,75,51
34,76,26
34,77,27
34,78,25
34,79,24
34,80,25
35,0,32
35,1,32
35,2,32
35,3,29
35,4,27
35,5,28
35,6,27
35,7,24
35,8,25
35,9,24
35,10,24
35,11,23
35,12,23
35,13,23
35,14,24
35,15,24
35,16,24
35,17,25
35,18,27
35,19,28
35,20,29
35,21,31
35,22,32
35,23,32
35,24,33
35,25,34
35,26,35
35,27,35
35,28,35
35,29,35
35,30,34
35,31,34
35,32,32
35,33,33
35,34,33
35,35,32
35,36,32
35,37,32
35,38,31
35,39,31
35,40,30
35,41,29
35,42,28
35,43,28
35,44,27
35,45,27
35,46,26
35,47,25
35,48,25
35,49,22
35,50,24
35,51,24
35,52,23
35,53,22
35,54,20
35,55,25
35,56,31
35,57,82
35,58,144
35,59,177
35,60,180
35,61,179
35,62,190
35,63,198
35,64,187
35,65,180
35,66,160
35,67,154
35,68,163
35,69,152
35,70,145
35,71,162
35,72,180
35,73,178
35,74,122
35,75,49
35,76,27
35,77,25
35,78,25
35,79,23
35,80,24
36,0,38
36,1,32
36,2,28
36,3,27
36,4,24
36,5,25
36,6,26
36,7,26
36,8,25
36,9,25
36,10,24
36,11,23
36,12,22
36,13,22
36,14,23
36,15,24
36,16,24
36,17,25
36,18,26
36,19,27
36,20,29
36,21,30
36,22,30
36,23,31
36,24,32
36,25,33
36,26,33
36,27,34
36,28,34
36,29,33
36,30,32
36,31,31
36,32,31
36,33,30
36,34,30
36,35,30
36,36,30
36,37,29
36,38,29
36,39,29
36,40,28
36,41,27
36,42,27
36,43,26
36,44,26
36,45,25
36,46,24
36,47,23
36,48,23
36,49,24
36,50,22
36,51,22
36,52,22
36,53,21
36,54,24
36,55,25
36,56,31
36,57,44
36,58,125
36,59,183
36,60,180
36,61,183
36,62,196
36,63,192
36,64,183
36,65,178
36,66,158
36,67,147
36,68,147
36,69,138
36,70,137
36,71,154
36,72,179
36,73,172
36,74,113
36,75,42
36,76,26
36,77,26
36,78,24
36,79,22
36,80,23
37,0,80
37,1,52
37,2,32
37,3,29
37,4,29
37,5,27
37,6,27
37,7,27
37,8,25
37,9,25
37,10,24
37,11,23
37,12,22
37,13,22
37,14,23
37,15,23
37,16,25
37,17,25
37,18,26
37,19,27
37,20,29
37,21,29
37,22,30
37,23,30
37,24,32
37,25,32
37,26,32
37,27,32
37,28,32
37,29,31
37,30,30
37,31,30
37,32,30
37,33,29
37,34,29
37,35,28
37,36,28
37,37,28
37,38,28
37,39,27
37,40,26
37,41,25
37,42,25
37,43,24
37,44,24
37,45,23
37,46,22
37,47,22
37,48,21
37,49,25
37,50,21
37,51,21
37,52,21
37,53,20
37,54,25
37,55,23
37,56,27
37,57,22
37,58,85
37,59,171
37,60,194
37,61,188
37,62,193
37,63,184
37,64,180
37,65,178
37,66,170
37,67,155
37,68,140
37,69,132
37,70,134
37,71,140
37,72,169
37,73,167
37,74,109
37,75,36
37,76,23
37,77,27
37,78,24
37,79,24
37,80,22
38,0,144
38,1,95
38,2,51
38,3,37
38,4,33
38,5,28
38,6,25
38,7,24
38,8,24
38,9,25
38,10,25
38,11,24
38,12,22
38,13,22
38,14,22
38,15,23
38,16,25
38,17,24
38,18,25
38,19,27
38,20,28
38,21,28
38,22,28
38,23,29
38,24,30
38,25,31
38,26,31
38,27,30
38,28,30
38,29,29
38,30,28
38,31,28
38,32,28
38,33,27
38,34,26
38,35,26
38,36,26
38,37,26
38,38,25
38,39,25
38,40,23
38,41,23
38,42,23
38,43,23
38,44,23
38,45,23
38,46,22
38,47,21
38,48,21
38,49,22
38,50,22
38,51,22
38,52,22
38,53,22
38,54,22
38,55,21
38,56,27
38,57,29
38,58,33
38,59,113
38,60,184
38,61,193
38,62,197
38,63,195
38,64,184
38,65,179
38,66,174
38,67,164
38,68,151
38,69,149
38,70,149
38,71,142
38,72,154
38,73,157
38,74,120
38,75,52
38,76,25
38,77,25
38,78,24
38,79,24
38,80,21
39,0,193
39,1,137
39,2,81
39,3,51
39,4,37
39,5,30
39,6,29
39,7,28
39,8,24
39,9,25
39,10,25
39,11,24
39,12,22
39,13,22
39,14,22
39,15,23
39,16,24
39,17,23
39,18,23
39,19,26
39,20,27
39,21,27
39,22,26
39,23,27
39,24,29
39,25,29
39,26,29
39,27,28
39,28,28
39,29,27
39,30,26
39,31,26
39,32,27
39,33,26
39,34,24
39,35,24
39,36,24
39,37,24
39,38,23
39,39,23
39,40,21
39,41,21
39,42,21
39,43,22
39,44,22
39,45,22
39,46,22
39,47,21
39,48,22
39,49,19
39,50,22
39,51,21
39,52,21
39,53,24
39,54,22
39,55,24
39,56,21
39,57,32
39,58,7
39,59,59
39,60,158
39,61,200
39,62,205
39,63,209
39,64,203
39,65,197
39,66,188
39,67,172
39,68,158
39,69,156
39,70,156
39,71,148
39,72,146
39,73,151
39,74,138
39,75,78
39,76,32
39,77,23
39,78,24
39,79,22
39,80,20
40,0,185
40,1,189
40,2,160
40,3,93
40,4,49
40,5,42
40,6,31
40,7,30
40,8,25
40,9,24
40,10,22
40,11,26
40,12,22
40,13,23
40,14,19
40,15,19
40,16,22
40,17,23
40,18,24
40,19,25
40,20,26
40,21,26
40,22,26
40,23,26
40,24,28
40,25,27
40,26,27
40,27,26
40,28,26
40,29,26
40,30,26
40,31,25
40,32,24
40,33,24
40,34,23
40,35,22
40,36,21
40,37,21
40,38,22
40,39,22
40,40,20
40,41,21
40,42,22
40,43,20
40,44,21
40,45,22
40,46,22
40,47,21
40,48,21
40,49,21
40,50,22
40,51,22
40,52,23
40,53,23
40,54,23
40,55,24
40,56,20
40,57,24
40,58,30
40,59,32
40,60,67
40,61,129
40,62,170
40,63,191
40,64,198
40,65,205
40,66,202
40,67,186
40,68,169
40,69,153
40,70,149
40,71,139
40,72,135
40,73,145
40,74,134
40,75,105
40,76,52
40,77,26
40,78,24
40,79,22
40,80,24
41,0,172
41,1,187
41,2,208
41,3,158
41,4,98
41,5,56
41,6,33
41,7,28
41,8,30
41,9,27
41,10,25
41,11,25
41,12,24
41,13,26
41,14,23
41,15,21
41,16,22
41,17,23
41,18,24
41,19,24
41,20,25
41,21,25
41,22,25
41,23,25
41,24,26
41,25,26
41,26,25
41,27,25
41,28,25
41,29,25
41,30,24
41,31,24
41,32,22
41,33,22
41,34,21
41,35,21
41,36,21
41,37,20
41,38,20
41,39,20
41,40,20
41,41,21
41,42,21
41,43,21
41,44,21
41,45,22
41,46,22
41,47,22
41,48,21
41,49,21
41,50,21
41,51,21
41,52,22
41,53,22
41,54,23
41,55,23
41,56,28
41,57,25
41,58,20
41,59,30
41,60,24
41,61,23
41,62,70
41,63,115
41,64,132
41,65,152
41,66,184
41,67,195
41,68,185
41,69,165
41,70,152
41,71,143
41,72,142
41,73,141
41,74,139
41,75,128
41,76,95
41,77,60
41,78,33
41,79,22
41,80,22
42,0,180
42,1,171
42,2,188
42,3,200
42,4,171
42,5,75
42,6,22
42,7,41
42,8,26
42,9,27
42,10,24
42,11,19
42,12,20
42,13,22
42,14,23
42,15,20
42,16,22
42,17,22
42,18,23
42,19,24
42,20,24
42,21,24
42,22,24
42,23,24
42,24,25
42,25,24
42,26,24
42,27,24
42,28,24
42,29,23
42,30,23
42,31,22
42,32,19
42,33,20
42,34,20
42,35,20
42,36,20
42,37,19
42,38,19
42,39,18
42,40,20
42,41,19
42,42,20
42,43,21
42,44,21
42,45,21
42,46,22
42,47,23
42,48,21
42,49,20
42,50,20
42,51,21
42,52,22
42,53,22
42,54,22
42,55,21
42,56,21
42,57,24
42,58,25
42,59,29
42,60,28
42,61,25
42,62,26
42,63,26
42,64,42
42,65,60
42,66,121
42,67,171
42,68,188
42,69,181
42,70,168
42,71,158
42,72,141
42,73,145
42,74,141
42,75,132
42,76,127
42,77,85
42,78,33
42,79,23
42,80,25
43,0,174
43,1,185
43,2,175
43,3,179
43,4,195
43,5,159
43,6,85
43,7,45
43,8,38
43,9,28
43,10,23
43,11,22
43,12,28
43,13,20
43,14,21
43,15,24
43,16,22
43,17,22
43,18,23
43,19,23
43,20,23
43,21,23
43,22,23
43,23,23
43,24,24
43,25,23
43,26,23
43,27,23
43,28,23
43,29,22
43,30,22
43,31,21
43,32,19
43,33,19
43,34,19
43,35,19
43,36,19
43,37,19
43,38,19
43,39,19
43,40,20
43,41,19
43,42,19
43,43,21
43,44,22
43,45,21
43,46,21
43,47,23
43,48,22
43,49,21
43,50,20
43,51,21
43,52,22
43,53,23
43,54,22
43,55,21
43,56,25
43,57,23
43,58,30
43,59,23
43,60,23
43,61,31
43,62,28
43,63,31
43,64,31
43,65,25
43,66,58
43,67,102
43,68,145
43,69,181
43,70,189
43,71,164
43,72,148
43,73,140
43,74,140
43,75,140
43,76,141
43,77,104
43,78,58
43,79,33
43,80,26
44,0,159
44,1,187
44,2,176
44,3,171
44,4,173
44,5,181
44,6,165
44,7,100
44,8,51
44,9,30
44,10,28
44,11,22
44,12,25
44,13,26
44,14,20
44,15,18
44,16,22
44,17,22
44,18,23
44,19,23
44,20,23
44,21,23
44,22,23
44,23,23
44,24,24
44,25,23
44,26,22
44,27,22
44,28,22
44,29,22
44,30,21
44,31,21
44,32,20
44,33,20
44,34,19
44,35,19
44,36,19
44,37,19
44,38,20
44,39,20
44,40,21
44,41,20
44,42,20
44,43,21
44,44,21
44,45,20
44,46,21
44,47,22
44,48,22
44,49,22
44,50,22
44,51,22
44,52,23
44,53,23
44,54,23
44,55,22
44,56,25
44,57,24
44,58,23
44,59,24
44,60,22
44,61,21
44,62,26
44,63,32
44,64,27
44,65,29
44,66,43
44,67,55
44,68,81
44,69,139
44,70,185
44,71,173
44,72,161
44,73,150
44,74,140
44,75,140
44,76,145
44,77,131
44,78,102
44,79,57
44,80,19
45,0,157
45,1,161
45,2,167
45,3,173
45,4,171
45,5,167
45,6,185
45,7,158
45,8,70
45,9,45
45,10,45
45,11,29
45,12,20
45,13,26
45,14,21
45,15,23
45,16,22
45,17,23
45,18,23
45,19,23
45,20,23
45,21,23
45,22,23
45,23,23
45,24,23
45,25,23
45,26,22
45,27,22
45,28,22
45,29,22
45,30,22
45,31,21
45,32,21
45,33,21
45,34,20
45,35,19
45,36,19
45,37,20
45,38,21
45,39,21
45,40,21
45,41,20
45,42,20
45,43,21
45,44,21
45,45,21
45,46,21
45,47,21
45,48,22
45,49,22
45,50,23
45,51,23
45,52,23
45,53,23
45,54,23
45,55,23
45,56,19
45,57,27
45,58,26
45,59,25
45,60,25
45,61,26
45,62,28
45,63,22
45,64,26
45,65,23
45,66,27
45,67,26
45,68,29
45,69,70
45,70,145
45,71,181
45,72,182
45,73,175
45,74,146
45,75,133
45,76,135
45,77,134
45,78,126
45,79,93
45,80,38
46,0,162
46,1,151
46,2,170
46,3,165
46,4,165
46,5,167
46,6,175
46,7,190
46,8,165
46,9,112
46,10,50
46,11,24
46,12,24
46,13,25
46,14,21
46,15,24
46,16,22
46,17,22
46,18,22
46,19,22
46,20,22
46,21,23
46,22,23
46,23,23
46,24,23
46,25,23
46,26,22
46,27,22
46,28,22
46,29,22
46,30,22
46,31,22
46,32,21
46,33,21
46,34,20
46,35,20
46,36,20
46,37,20
46,38,21
46,39,21
46,40,20
46,41,20
46,42,21
46,43,20
46,44,21
46,45,22
46,46,22
46,47,21
46,48,21
46,49,22
46,50,23
46,51,23
46,52,22
46,53,22
46,54,23
46,55,23
46,56,25
46,57,20
46,58,21
46,59,24
46,60,25
46,61,24
46,62,23
46,63,27
46,64,26
46,65,22
46,66,27
46,67,30
46,68,24
46,69,33
46,70,93
46,71,155
46,72,180
46,73,181
46,74,159
46,75,149
46,76,131
46,77,121
46,78,130
46,79,124
46,80,78
47,0,149
47,1,149
47,2,155
47,3,163
47,4,153
47,5,156
47,6,171
47,7,167
47,8,187
47,9,165
47,10,72
47,11,33
47,12,30
47,13,21
47,14,24
47,15,22
47,16,22
47,17,22
47,18,22
47,19,22
47,20,22
47,21,22
47,22,22
47,23,22
47,24,23
47,25,23
47,26,22
47,27,22
47,28,22
47,29,22
47,30,22
47,31,22
47,32,20
47,33,20
47,34,20
47,35,20
47,36,20
47,37,20
47,38,20
47,39,20
47,40,19
47,41,20
47,42,21
47,43,20
47,44,20
47,45,22
47,46,23
47,47,21
47,48,20
47,49,21
47,50,22
47,51,22
47,52,21
47,53,21
47,54,22
47,55,23
47,56,21
47,57,21
47,58,23
47,59,24
47,60,24
47,61,23
47,62,24
47,63,27
47,64,23
47,65,23
47,66,25
47,67,22
47,68,28
47,69,27
47,70,39
47,71,69
47,72,133
47,73,179
47,74,175
47,75,159
47,76,142
47,77,128
47,78,126
47,79,130
47,80,112
48,0,138
48,1,137
48,2,144
48,3,164
48,4,161
48,5,154
48,6,155
48,7,170
48,8,164
48,9,183
48,10,156
48,11,54
48,12,32
48,13,26
48,14,23
48,15,23
48,16,20
48,17,21
48,18,23
48,19,25
48,20,24
48,21,23
48,22,22
48,23,23
48,24,22
48,25,24
48,26,25
48,27,23
48,28,22
48,29,22
48,30,22
48,31,21
48,32,20
48,33,20
48,34,20
48,35,21
48,36,21
48,37,21
48,38,21
48,39,21
48,40,20
48,41,21
48,42,21
48,43,21
48,44,21
48,45,23
48,46,23
48,47,22
48,48,20
48,49,23
48,50,24
48,51,22
48,52,21
48,53,23
48,54,24
48,55,23
48,56,22
48,57,23
48,58,23
48,59,22
48,60,23
48,61,24
48,62,24
48,63,24
48,64,25
48,65,28
48,66,25
48,67,26
48,68,27
48,69,22
48,70,29
48,71,43
48,72,82
48,73,143
48,74,172
48,75,171
48,76,154
48,77,149
48,78,128
48,79,129
48,80,124
49,0,154
49,1,134
49,2,143
49,3,165
49,4,159
49,5,146
49,6,145
49,7,153
49,8,147
49,9,154
49,10,180
49,11,101
49,12,25
49,13,31
49,14,24
49,15,17
49,16,20
49,17,21
49,18,22
49,19,24
49,20,24
49,21,23
49,22,23
49,23,24
49,24,23
49,25,23
49,26,24
49,27,23
49,28,23
49,29,23
49,30,22
49,31,21
49,32,21
49,33,21
49,34,20
49,35,20
49,36,20
49,37,21
49,38,21
49,39,20
49,40,21
49,41,22
49,42,22
49,43,21
49,44,21
49,45,22
49,46,22
49,47,21
49,48,20
49,49,23
49,50,24
49,51,22
49,52,21
49,53,22
49,54,23
49,55,23
49,56,24
49,57,24
49,58,23
49,59,23
49,60,23
49,61,24
49,62,24
49,63,22
49,64,26
49,65,27
49,66,22
49,67,24
49,68,28
49,69,24
49,70,26
49,71,33
49,72,48
49,73,89
49,74,132
49,75,171
49,76,181
49,77,161
49,78,142
49,79,128
49,80,121
50,0,158
50,1,138
50,2,135
50,3,162
50,4,161
50,5,143
50,6,153
50,7,150
50,8,146
50,9,139
50,10,175
50,11,142
50,12,19
50,13,25
50,14,23
50,15,24
50,16,21
50,17,21
50,18,21
50,19,23
50,20,24
50,21,24
50,22,23
50,23,24
50,24,24
50,25,23
50,26,22
50,27,23
50,28,24
50,29,24
50,30,22
50,31,21
50,32,22
50,33,21
50,34,20
50,35,20
50,36,21
50,37,21
50,38,21
50,39,21
50,40,21
50,41,22
50,42,21
50,43,20
50,44,20
50,45,21
50,46,21
50,47,21
50,48,21
50,49,22
50,50,23
50,51,22
50,52,21
50,53,20
50,54,21
50,55,22
50,56,24
50,57,24
50,58,23
50,59,22
50,60,23
50,61,24
50,62,24
50,63,22
50,64,24
50,65,25
50,66,23
50,67,25
50,68,26
50,69,23
50,70,24
50,71,26
50,72,24
50,73,29
50,74,41
50,75,106
50,76,169
50,77,181
50,78,165
50,79,146
50,80,129
51,0,157
51,1,153
51,2,143
51,3,157
51,4,163
51,5,145
51,6,156
51,7,149
51,8,149
51,9,147
51,10,167
51,11,180
51,12,64
51,13,20
51,14,22
51,15,23
51,16,22
51,17,21
51,18,20
51,19,21
51,20,22
51,21,23
51,22,23
51,23,23
51,24,24
51,25,23
51,26,22
51,27,24
51,28,25
51,29,23
51,30,22
51,31,23
51,32,22
51,33,21
51,34,20
51,35,20
51,36,21
51,37,22
51,38,22
51,39,22
51,40,21
51,41,21
51,42,21
51,43,20
51,44,20
51,45,22
51,46,23
51,47,22
51,48,22
51,49,21
51,50,22
51,51,22
51,52,21
51,53,20
51,54,21
51,55,22
51,56,22
51,57,22
51,58,21
51,59,21
51,60,23
51,61,25
51,62,24
51,63,23
51,64,22
51,65,25
51,66,24
51,67,25
51,68,25
51,69,23
51,70,25
51,71,24
51,72,21
51,73,31
51,74,26
51,75,6
51,76,89
51,77,157
51,78,171
51,79,161
51,80,142
52,0,160
52,1,164
52,2,165
52,3,161
52,4,164
52,5,154
52,6,151
52,7,151
52,8,152
52,9,150
52,10,165
52,11,180
52,12,75
52,13,4
52,14,22
52,15,24
52,16,22
52,17,21
52,18,20
52,19,20
52,20,21
52,21,22
52,22,22
52,23,22
52,24,24
52,25,23
52,26,24
52,27,25
52,28,24
52,29,23
52,30,22
52,31,24
52,32,23
52,33,22
52,34,20
52,35,20
52,36,20
52,37,21
52,38,21
52,39,21
52,40,21
52,41,22
52,42,21
52,43,21
52,44,21
52,45,22
52,46,23
52,47,23
52,48,21
52,49,21
52,50,21
52,51,22
52,52,22
52,53,21
52,54,21
52,55,22
52,56,21
52,57,21
52,58,21
52,59,21
52,60,23
52,61,24
52,62,24
52,63,23
52,64,23
52,65,25
52,66,23
52,67,24
52,68,25
52,69,25
52,70,25
52,71,22
52,72,26
52,73,22
52,74,29
52,75,25
52,76,31
52,77,75
52,78,142
52,79,181
52,80,164
53,0,155
53,1,162
53,2,167
53,3,164
53,4,158
53,5,152
53,6,154
53,7,158
53,8,157
53,9,145
53,10,167
53,11,168
53,12,46
53,13,17
53,14,26
53,15,18
53,16,21
53,17,21
53,18,20
53,19,20
53,20,20
53,21,22
53,22,22
53,23,22
53,24,23
53,25,24
53,26,25
53,27,25
53,28,24
53,29,23
53,30,23
53,31,24
53,32,24
53,33,23
53,34,22
53,35,21
53,36,20
53,37,20
53,38,20
53,39,20
53,40,22
53,41,23
53,42,22
53,43,21
53,44,21
53,45,22
53,46,22
53,47,22
53,48,21
53,49,21
53,50,21
53,51,21
53,52,22
53,53,22
53,54,22
53,55,22
53,56,21
53,57,22
53,58,22
53,59,21
53,60,22
53,61,23
53,62,23
53,63,21
53,64,22
53,65,26
53,66,23
53,67,23
53,68,23
53,69,22
53,70,23
53,71,23
53,72,25
53,73,29
53,74,27
53,75,26
53,76,34
53,77,38
53,78,98
53,79,149
53,80,172
54,0,150
54,1,158
54,2,154
54,3,157
54,4,147
54,5,139
54,6,148
54,7,154
54,8,142
54,9,141
54,10,182
54,11,161
54,12,9
54,13,24
54,14,22
54,15,21
54,16,20
54,17,21
54,18,21
54,19,20
54,20,20
54,21,22
54,22,23
54,23,23
54,24,24
54,25,25
54,26,25
54,27,25
54,28,24
54,29,24
54,30,24
54,31,23
54,32,23
54,33,23
54,34,23
54,35,22
54,36,20
54,37,19
54,38,20
54,39,21
54,40,21
54,41,22
54,42,22
54,43,21
54,44,21
54,45,22
54,46,22
54,47,21
54,48,21
54,49,22
54,50,21
54,51,20
54,52,21
54,53,23
54,54,22
54,55,21
54,56,22
54,57,23
54,58,23
54,59,22
54,60,22
54,61,22
54,62,22
54,63,21
54,64,19
54,65,26
54,66,23
54,67,22
54,68,24
54,69,21
54,70,23
54,71,26
54,72,23
54,73,23
54,74,19
54,75,18
54,76,21
54,77,33
54,78,49
54,79,105
54,80,130
55,0,154
55,1,159
55,2,154
55,3,153
55,4,143
55,5,137
55,6,138
55,7,148
55,8,141
55,9,141
55,10,184
55,11,143
55,12,4
55,13,30
55,14,23
55,15,20
55,16,20
55,17,21
55,18,22
55,19,21
55,20,21
55,21,22
55,22,24
55,23,24
55,24,24
55,25,25
55,26,25
55,27,24
55,28,25
55,29,26
55,30,25
55,31,22
55,32,21
55,33,22
55,34,23
55,35,22
55,36,20
55,37,20
55,38,21
55,39,22
55,40,19
55,41,20
55,42,21
55,43,20
55,44,21
55,45,22
55,46,22
55,47,22
55,48,20
55,49,22
55,50,21
55,51,20
55,52,20
55,53,23
55,54,22
55,55,19
55,56,22
55,57,23
55,58,24
55,59,23
55,60,22
55,61,22
55,62,22
55,63,22
55,64,20
55,65,25
55,66,20
55,67,21
55,68,27
55,69,26
55,70,25
55,71,26
55,72,24
55,73,29
55,74,25
55,75,43
55,76,70
55,77,96
55,78,100
55,79,113
55,80,98
56,0,164
56,1,160
56,2,149
56,3,152
56,4,132
56,5,126
56,6,129
56,7,149
56,8,157
56,9,170
56,10,190
56,11,131
56,12,22
56,13,33
56,14,25
56,15,22
56,16,19
56,17,26
56,18,19
56,19,21
56,20,24
56,21,21
56,22,26
56,23,26
56,24,25
56,25,27
56,26,22
56,27,28
56,28,27
56,29,27
56,30,25
56,31,27
56,32,24
56,33,23
56,34,24
56,35,23
56,36,24
56,37,19
56,38,22
56,39,22
56,40,19
56,41,24
56,42,19
56,43,22
56,44,22
56,45,22
56,46,21
56,47,21
56,48,21
56,49,18
56,50,24
56,51,23
56,52,19
56,53,23
56,54,17
56,55,27
56,56,23
56,57,23
56,58,20
56,59,17
56,60,18
56,61,26
56,62,16
56,63,24
56,64,26
56,65,26
56,66,25
56,67,26
56,68,25
56,69,16
56,70,29
56,71,35
56,72,46
56,73,64
56,74,80
56,75,99
56,76,120
56,77,120
56,78,111
56,79,120
56,80,120
57,0,176
57,1,164
57,2,157
57,3,161
57,4,136
57,5,130
57,6,124
57,7,120
57,8,151
57,9,190
57,10,190
57,11,164
57,12,74
57,13,9
57,14,26
57,15,24
57,16,20
57,17,21
57,18,20
57,19,19
57,20,22
57,21,24
57,22,24
57,23,27
57,24,25
57,25,28
57,26,25
57,27,30
57,28,28
57,29,26
57,30,25
57,31,25
57,32,22
57,33,25
57,34,23
57,35,23
57,36,22
57,37,24
57,38,23
57,39,20
57,40,20
57,41,18
57,42,21
57,43,19
57,44,22
57,45,22
57,46,20
57,47,24
57,48,26
57,49,20
57,50,21
57,51,21
57,52,23
57,53,21
57,54,22
57,55,18
57,56,24
57,57,24
57,58,28
57,59,24
57,60,26
57,61,25
57,62,24
57,63,22
57,64,18
57,65,17
57,66,26
57,67,13
57,68,41
57,69,58
57,70,69
57,71,89
57,72,115
57,73,110
57,74,111
57,75,122
57,76,114
57,77,134
57,78,137
57,79,123
57,80,124
58,0,164
58,1,165
58,2,169
58,3,170
58,4,142
58,5,140
58,6,136
58,7,129
58,8,136
58,9,180
58,10,194
58,11,192
58,12,144
58,13,26
58,14,26
58,15,24
58,16,20
58,17,20
58,18,21
58,19,21
58,20,23
58,21,25
58,22,24
58,23,26
58,24,30
58,25,31
58,26,29
58,27,32
58,28,28
58,29,27
58,30,26
58,31,25
58,32,23
58,33,22
58,34,26
58,35,23
58,36,18
58,37,25
58,38,16
58,39,21
58,40,20
58,41,18
58,42,23
58,43,17
58,44,20
58,45,19
58,46,20
58,47,22
58,48,18
58,49,20
58,50,21
58,51,20
58,52,16
58,53,21
58,54,27
58,55,19
58,56,17
58,57,17
58,58,9
58,59,17
58,60,16
58,61,26
58,62,24
58,63,19
58,64,43
58,65,52
58,66,65
58,67,62
58,68,77
58,69,100
58,70,102
58,71,121
58,72,140
58,73,123
58,74,118
58,75,127
58,76,133
58,77,138
58,78,148
58,79,141
58,80,128
59,0,171
59,1,173
59,2,168
59,3,157
59,4,140
59,5,145
59,6,144
59,7,142
59,8,150
59,9,159
59,10,171
59,11,180
59,12,173
59,13,66
59,14,13
59,15,24
59,16,23
59,17,25
59,18,22
59,19,24
59,20,25
59,21,24
59,22,29
59,23,29
59,24,27
59,25,29
59,26,31
59,27,34
59,28,31
59,29,30
59,30,29
59,31,26
59,32,26
59,33,29
59,34,25
59,35,28
59,36,26
59,37,22
59,38,24
59,39,22
59,40,20
59,41,26
59,42,25
59,43,22
59,44,22
59,45,21
59,46,26
59,47,23
59,48,23
59,49,27
59,50,26
59,51,37
59,52,30
59,53,29
59,54,20
59,55,41
59,56,48
59,57,66
59,58,70
59,59,65
59,60,71
59,61,89
59,62,92
59,63,77
59,64,107
59,65,108
59,66,99
59,67,110
59,68,102
59,69,97
59,70,96
59,71,108
59,72,122
59,73,124
59,74,132
59,75,151
59,76,138
59,77,133
59,78,142
59,79,146
59,80,136
60,0,170
60,1,170
60,2,168
60,3,157
60,4,138
60,5,140
60,6,133
60,7,125
60,8,140
60,9,156
60,10,142
60,11,180
60,12,145
60,13,10
60,14,34
60,15,25
60,16,24
60,17,26
60,18,24
60,19,26
60,20,26
60,21,24
60,22,29
60,23,32
60,24,34
60,25,34
60,26,35
60,27,32
60,28,31
60,29,31
60,30,31
60,31,29
60,32,27
60,33,23
60,34,26
60,35,23
60,36,30
60,37,25
60,38,27
60,39,25
60,40,25
60,41,32
60,42,30
60,43,38
60,44,35
60,45,40
60,46,43
60,47,46
60,48,67
60,49,53
60,50,66
60,51,93
60,52,78
60,53,81
60,54,79
60,55,90
60,56,105
60,57,110
60,58,118
60,59,118
60,60,115
60,61,121
60,62,120
60,63,114
60,64,118
60,65,121
60,66,109
60,67,114
60,68,120
60,69,110
60,70,108
60,71,107
60,72,127
60,73,140
60,74,153
60,75,169
60,76,153
60,77,142
60,78,147
60,79,155
60,80,159
61,0,149
61,1,152
61,2,171
61,3,170
61,4,142
61,5,139
61,6,140
61,7,135
61,8,143
61,9,141
61,10,140
61,11,171
61,12,114
61,13,15
61,14,48
61,15,33
61,16,27
61,17,30
61,18,38
61,19,37
61,20,38
61,21,36
61,22,30
61,23,37
61,24,41
61,25,44
61,26,46
61,27,39
61,28,39
61,29,38
61,30,38
61,31,39
61,32,46
61,33,45
61,34,42
61,35,49
61,36,57
61,37,39
61,38,56
61,39,55
61,40,65
61,41,65
61,42,67
61,43,79
61,44,73
61,45,82
61,46,79
61,47,89
61,48,102
61,49,95
61,50,99
61,51,108
61,52,109
61,53,103
61,54,100
61,55,105
61,56,114
61,57,107
61,58,108
61,59,116
61,60,105
61,61,116
61,62,117
61,63,119
61,64,128
61,65,130
61,66,128
61,67,115
61,68,112
61,69,124
61,70,122
61,71,128
61,72,157
61,73,166
61,74,160
61,75,159
61,76,168
61,77,157
61,78,157
61,79,168
61,80,175
62,0,156
62,1,158
62,2,178
62,3,188
62,4,173
62,5,161
62,6,148
62,7,146
62,8,134
62,9,145
62,10,162
62,11,169
62,12,115
62,13,87
62,14,67
62,15,86
62,16,76
62,17,81
62,18,88
62,19,87
62,20,89
62,21,84
62,22,73
62,23,81
62,24,69
62,25,81
62,26,93
62,27,88
62,28,90
62,29,86
62,30,82
62,31,84
62,32,87
62,33,82
62,34,84
62,35,86
62,36,92
62,37,81
62,38,90
62,39,95
62,40,96
62,41,95
62,42,96
62,43,103
62,44,97
62,45,105
62,46,103
62,47,111
62,48,114
62,49,97
62,50,100
62,51,104
62,52,105
62,53,98
62,54,93
62,55,97
62,56,102
62,57,94
62,58,98
62,59,108
62,60,112
62,61,107
62,62,122
62,63,139
62,64,148
62,65,145
62,66,156
62,67,152
62,68,139
62,69,146
62,70,138
62,71,157
62,72,168
62,73,174
62,74,167
62,75,171
62,76,169
62,77,176
62,78,170
62,79,171
62,80,178
63,0,169
63,1,167
63,2,171
63,3,186
63,4,203
63,5,193
63,6,168
63,7,174
63,8,175
63,9,172
63,10,161
63,11,142
63,12,114
63,13,109
63,14,112
63,15,120
63,16,108
63,17,114
63,18,110
63,19,109
63,20,112
63,21,104
63,22,99
63,23,106
63,24,93
63,25,108
63,26,120
63,27,113
63,28,114
63,29,109
63,30,107
63,31,113
63,32,99
63,33,99
63,34,92
63,35,87
63,36,94
63,37,100
63,38,101
63,39,90
63,40,89
63,41,95
63,42,95
63,43,99
63,44,101
63,45,110
63,46,119
63,47,117
63,48,115
63,49,96
63,50,107
63,51,110
63,52,111
63,53,122
63,54,107
63,55,106
63,56,100
63,57,110
63,58,98
63,59,110
63,60,122
63,61,128
63,62,139
63,63,157
63,64,157
63,65,165
63,66,175
63,67,171
63,68,176
63,69,163
63,70,143
63,71,146
63,72,151
63,73,145
63,74,163
63,75,193
63,76,203
63,77,200
63,78,194
63,79,192
63,80,190
64,0,189
64,1,184
64,2,178
64,3,190
64,4,203
64,5,198
64,6,173
64,7,168
64,8,167
64,9,154
64,10,135
64,11,145
64,12,144
64,13,132
64,14,135
64,15,130
64,16,120
64,17,135
64,18,111
64,19,107
64,20,116
64,21,111
64,22,95
64,23,110
64,24,106
64,25,111
64,26,121
64,27,109
64,28,105
64,29,104
64,30,110
64,31,117
64,32,127
64,33,114
64,34,100
64,35,92
64,36,89
64,37,98
64,38,99
64,39,103
64,40,101
64,41,104
64,42,103
64,43,97
64,44,103
64,45,117
64,46,123
64,47,126
64,48,116
64,49,111
64,50,124
64,51,129
64,52,134
64,53,130
64,54,127
64,55,130
64,56,114
64,57,112
64,58,100
64,59,101
64,60,108
64,61,121
64,62,118
64,63,126
64,64,153
64,65,176
64,66,166
64,67,158
64,68,154
64,69,158
64,70,142
64,71,138
64,72,156
64,73,168
64,74,188
64,75,195
64,76,212
64,77,208
64,78,207
64,79,202
64,80,215
65,0,182
65,1,187
65,2,182
65,3,190
65,4,202
65,5,196
65,6,170
65,7,162
65,8,156
65,9,154
65,10,138
65,11,164
65,12,175
65,13,143
65,14,139
65,15,140
65,16,137
65,17,139
65,18,134
65,19,121
65,20,120
65,21,113
65,22,132
65,23,121
65,24,124
65,25,113
65,26,117
65,27,127
65,28,123
65,29,115
65,30,125
65,31,130
65,32,124
65,33,134
65,34,125
65,35,117
65,36,109
65,37,103
65,38,101
65,39,103
65,40,106
65,41,96
65,42,103
65,43,105
65,44,116
65,45,123
65,46,119
65,47,126
65,48,117
65,49,118
65,50,135
65,51,137
65,52,130
65,53,131
65,54,130
65,55,126
65,56,108
65,57,102
65,58,93
65,59,98
65,60,92
65,61,98
65,62,107
65,63,115
65,64,138
65,65,145
65,66,137
65,67,148
65,68,163
65,69,154
65,70,159
65,71,164
65,72,172
65,73,185
65,74,204
65,75,221
65,76,221
65,77,215
65,78,213
65,79,217
65,80,215
66,0,171
66,1,173
66,2,169
66,3,171
66,4,174
66,5,178
66,6,174
66,7,168
66,8,170
66,9,161
66,10,148
66,11,163
66,12,174
66,13,151
66,14,147
66,15,136
66,16,141
66,17,166
66,18,151
66,19,125
66,20,124
66,21,132
66,22,152
66,23,149
66,24,121
66,25,118
66,26,128
66,27,132
66,28,129
66,29,129
66,30,129
66,31,143
66,32,150
66,33,157
66,34,143
66,35,138
66,36,123
66,37,114
66,38,119
66,39,115
66,40,109
66,41,114
66,42,106
66,43,115
66,44,127
66,45,112
66,46,117
66,47,118
66,48,106
66,49,110
66,50,118
66,51,130
66,52,133
66,53,130
66,54,124
66,55,124
66,56,107
66,57,112
66,58,101
66,59,96
66,60,89
66,61,108
66,62,127
66,63,123
66,64,121
66,65,113
66,66,118
66,67,136
66,68,168
66,69,161
66,70,172
66,71,183
66,72,179
66,73,180
66,74,201
66,75,216
66,76,221
66,77,223
66,78,216
66,79,194
66,80,148
67,0,167
67,1,179
67,2,168
67,3,159
67,4,159
67,5,159
67,6,169
67,7,180
67,8,168
67,9,154
67,10,162
67,11,167
67,12,182
67,13,182
67,14,168
67,15,142
67,16,158
67,17,180
67,18,163
67,19,147
67,20,139
67,21,147
67,22,141
67,23,143
67,24,121
67,25,119
67,26,132
67,27,136
67,28,135
67,29,135
67,30,115
67,31,125
67,32,158
67,33,171
67,34,143
67,35,129
67,36,131
67,37,128
67,38,118
67,39,103
67,40,110
67,41,114
67,42,112
67,43,106
67,44,115
67,45,112
67,46,114
67,47,117
67,48,116
67,49,118
67,50,120
67,51,142
67,52,148
67,53,139
67,54,127
67,55,121
67,56,100
67,57,100
67,58,102
67,59,115
67,60,120
67,61,137
67,62,146
67,63,132
67,64,112
67,65,114
67,66,130
67,67,149
67,68,176
67,69,182
67,70,188
67,71,191
67,72,183
67,73,187
67,74,199
67,75,222
67,76,198
67,77,176
67,78,129
67,79,54
67,80,6
68,0,159
68,1,173
68,2,172
68,3,171
68,4,166
68,5,167
68,6,184
68,7,185
68,8,159
68,9,152
68,10,168
68,11,165
68,12,181
68,13,183
68,14,166
68,15,161
68,16,166
68,17,175
68,18,179
68,19,175
68,20,160
68,21,142
68,22,131
68,23,120
68,24,129
68,25,124
68,26,131
68,27,144
68,28,139
68,29,134
68,30,120
68,31,117
68,32,150
68,33,143
68,34,114
68,35,105
68,36,111
68,37,115
68,38,110
68,39,102
68,40,98
68,41,101
68,42,120
68,43,117
68,44,130
68,45,138
68,46,115
68,47,99
68,48,125
68,49,136
68,50,130
68,51,139
68,52,140
68,53,134
68,54,125
68,55,117
68,56,102
68,57,99
68,58,119
68,59,146
68,60,150
68,61,151
68,62,141
68,63,122
68,64,120
68,65,139
68,66,152
68,67,184
68,68,199
68,69,208
68,70,208
68,71,194
68,72,211
68,73,220
68,74,183
68,75,146
68,76,110
68,77,31
68,78,2
68,79,7
68,80,32
69,0,176
69,1,193
69,2,181
69,3,178
69,4,183
69,5,171
69,6,172
69,7,166
69,8,148
69,9,147
69,10,155
69,11,156
69,12,173
69,13,172
69,14,164
69,15,170
69,16,171
69,17,163
69,18,167
69,19,182
69,20,172
69,21,138
69,22,140
69,23,135
69,24,138
69,25,127
69,26,125
69,27,125
69,28,119
69,29,113
69,30,111
69,31,124
69,32,130
69,33,113
69,34,110
69,35,121
69,36,109
69,37,99
69,38,96
69,39,91
69,40,116
69,41,122
69,42,129
69,43,143
69,44,151
69,45,137
69,46,131
69,47,151
69,48,135
69,49,135
69,50,133
69,51,125
69,52,110
69,53,109
69,54,108
69,55,99
69,56,100
69,57,126
69,58,152
69,59,162
69,60,160
69,61,148
69,62,133
69,63,131
69,64,132
69,65,151
69,66,169
69,67,201
69,68,204
69,69,219
69,70,220
69,71,210
69,72,209
69,73,190
69,74,125
69,75,4
69,76,17
69,77,28
69,78,35
69,79,29
69,80,24
70,0,166
70,1,188
70,2,193
70,3,204
70,4,199
70,5,170
70,6,169
70,7,162
70,8,150
70,9,167
70,10,173
70,11,164
70,12,156
70,13,156
70,14,171
70,15,189
70,16,166
70,17,139
70,18,139
70,19,176
70,20,172
70,21,152
70,22,162
70,23,164
70,24,139
70,25,116
70,26,108
70,27,108
70,28,117
70,29,114
70,30,110
70,31,133
70,32,130
70,33,135
70,34,131
70,35,126
70,36,113
70,37,106
70,38,104
70,39,104
70,40,128
70,41,150
70,42,160
70,43,143
70,44,135
70,45,138
70,46,134
70,47,174
70,48,144
70,49,118
70,50,128
70,51,105
70,52,70
70,53,69
70,54,69
70,55,63
70,56,102
70,57,145
70,58,168
70,59,167
70,60,160
70,61,140
70,62,134
70,63,149
70,64,142
70,65,161
70,66,187
70,67,201
70,68,207
70,69,227
70,70,225
70,71,201
70,72,120
70,73,41
70,74,39
70,75,38
70,76,30
70,77,25
70,78,25
70,79,24
70,80,24
71,0,76
71,1,112
71,2,132
71,3,154
71,4,152
71,5,125
71,6,153
71,7,184
71,8,167
71,9,188
71,10,187
71,11,169
71,12,155
71,13,154
71,14,164
71,15,183
71,16,171
71,17,171
71,18,177
71,19,188
71,20,184
71,21,178
71,22,177
71,23,174
71,24,144
71,25,133
71,26,127
71,27,132
71,28,146
71,29,145
71,30,144
71,31,136
71,32,147
71,33,162
71,34,155
71,35,140
71,36,122
71,37,117
71,38,114
71,39,104
71,40,118
71,41,120
71,42,137
71,43,121
71,44,107
71,45,112
71,46,68
71,47,74
71,48,85
71,49,71
71,50,78
71,51,40
71,52,30
71,53,38
71,54,37
71,55,69
71,56,138
71,57,169
71,58,180
71,59,171
71,60,154
71,61,138
71,62,141
71,63,143
71,64,140
71,65,160
71,66,182
71,67,192
71,68,220
71,69,231
71,70,203
71,71,120
71,72,6
71,73,30
71,74,30
71,75,27
71,76,27
71,77,28
71,78,29
71,79,21
71,80,23
72,0,31
72,1,8
72,2,16
72,3,28
72,4,13
72,5,21
72,6,65
72,7,95
72,8,106
72,9,130
72,10,101
72,11,116
72,12,123
72,13,106
72,14,118
72,15,136
72,16,136
72,17,163
72,18,163
72,19,163
72,20,156
72,21,138
72,22,146
72,23,159
72,24,144
72,25,133
72,26,122
72,27,124
72,28,147
72,29,152
72,30,130
72,31,119
72,32,133
72,33,122
72,34,105
72,35,96
72,36,77
72,37,95
72,38,60
72,39,54
72,40,64
72,41,47
72,42,51
72,43,63
72,44,45
72,45,43
72,46,34
72,47,26
72,48,23
72,49,37
72,50,39
72,51,38
72,52,42
72,53,45
72,54,61
72,55,122
72,56,176
72,57,190
72,58,186
72,59,166
72,60,150
72,61,144
72,62,142
72,63,134
72,64,147
72,65,172
72,66,181
72,67,206
72,68,218
72,69,223
72,70,155
72,71,14
72,72,41
72,73,37
72,74,28
72,75,28
72,76,29
72,77,23
72,78,24
72,79,26
72,80,25
73,0,34
73,1,31
73,2,31
73,3,30
73,4,29
73,5,34
73,6,31
73,7,17
73,8,22
73,9,37
73,10,22
73,11,41
73,12,46
73,13,38
73,14,45
73,15,47
73,16,51
73,17,70
73,18,65
73,19,74
73,20,64
73,21,48
73,22,67
73,23,65
73,24,69
73,25,73
73,26,60
73,27,51
73,28,81
73,29,82
73,30,48
73,31,59
73,32,47
73,33,24
73,34,31
73,35,12
73,36,34
73,37,39
73,38,35
73,39,29
73,40,32
73,41,31
73,42,33
73,43,36
73,44,30
73,45,36
73,46,37
73,47,41
73,48,44
73,49,36
73,50,41
73,51,47
73,52,38
73,53,49
73,54,143
73,55,190
73,56,203
73,57,193
73,58,171
73,59,152
73,60,151
73,61,147
73,62,136
73,63,138
73,64,154
73,65,166
73,66,187
73,67,202
73,68,212
73,69,211
73,70,101
73,71,19
73,72,40
73,73,31
73,74,24
73,75,29
73,76,31
73,77,25
73,78,23
73,79,26
73,80,26
74,0,25
74,1,30
74,2,30
74,3,27
74,4,29
74,5,32
74,6,33
74,7,36
74,8,31
74,9,32
74,10,34
74,11,39
74,12,37
74,13,44
74,14,45
74,15,51
74,16,48
74,17,42
74,18,48
74,19,50
74,20,47
74,21,51
74,22,51
74,23,48
74,24,48
74,25,40
74,26,44
74,27,39
74,28,42
74,29,49
74,30,39
74,31,39
74,32,38
74,33,40
74,34,34
74,35,40
74,36,35
74,37,33
74,38,34
74,39,33
74,40,35
74,41,37
74,42,35
74,43,32
74,44,34
74,45,38
74,46,36
74,47,39
74,48,37
74,49,38
74,50,36
74,51,40
74,52,33
74,53,67
74,54,175
74,55,209
74,56,191
74,57,169
74,58,154
74,59,152
74,60,162
74,61,153
74,62,137
74,63,149
74,64,166
74,65,164
74,66,195
74,67,207
74,68,214
74,69,159
74,70,43
74,71,35
74,72,30
74,73,30
74,74,31
74,75,28
74,76,25
74,77,26
74,78,26
74,79,26
74,80,25
75,0,28
75,1,27
75,2,28
75,3,30
75,4,31
75,5,30
75,6,30
75,7,31
75,8,35
75,9,36
75,10,31
75,11,36
75,12,37
75,13,41
75,14,42
75,15,41
75,16,46
75,17,51
75,18,46
75,19,53
75,20,52
75,21,47
75,22,56
75,23,50
75,24,47
75,25,48
75,26,45
75,27,42
75,28,41
75,29,40
75,30,40
75,31,40
75,32,38
75,33,36
75,34,35
75,35,32
75,36,30
75,37,28
75,38,31
75,39,34
75,40,35
75,41,30
75,42,30
75,43,32
75,44,36
75,45,34
75,46,32
75,47,31
75,48,33
75,49,37
75,50,40
75,51,34
75,52,39
75,53,49
75,54,113
75,55,151
75,56,155
75,57,158
75,58,158
75,59,161
75,60,169
75,61,155
75,62,137
75,63,149
75,64,159
75,65,157
75,66,194
75,67,216
75,68,184
75,69,63
75,70,31
75,71,35
75,72,32
75,73,26
75,74,29
75,75,28
75,76,26
75,77,27
75,78,25
75,79,26
75,80,24
76,0,30
76,1,28
76,2,29
76,3,30
76,4,28
76,5,27
76,6,28
76,7,27
76,8,35
76,9,31
76,10,36
76,11,35
76,12,37
76,13,43
76,14,36
76,15,42
76,16,45
76,17,47
76,18,51
76,19,50
76,20,51
76,21,51
76,22,47
76,23,49
76,24,45
76,25,45
76,26,46
76,27,46
76,28,40
76,29,38
76,30,41
76,31,35
76,32,32
76,33,35
76,34,34
76,35,35
76,36,32
76,37,39
76,38,33
76,39,31
76,40,32
76,41,28
76,42,30
76,43,34
76,44,33
76,45,31
76,46,36
76,47,37
76,48,29
76,49,37
76,50,33
76,51,38
76,52,33
76,53,42
76,54,5
76,55,94
76,56,163
76,57,173
76,58,166
76,59,166
76,60,168
76,61,147
76,62,136
76,63,151
76,64,172
76,65,173
76,66,190
76,67,218
76,68,148
76,69,12
76,70,39
76,71,33
76,72,32
76,73,27
76,74,30
76,75,27
76,76,25
76,77,27
76,78,25
76,79,26
76,80,24
77,0,31
77,1,28
77,2,27
77,3,29
77,4,31
77,5,30
77,6,29
77,7,31
77,8,32
77,9,34
77,10,33
77,11,38
77,12,36
77,13,34
77,14,43
77,15,45
77,16,49
77,17,47
77,18,50
77,19,52
77,20,53
77,21,54
77,22,50
77,23,44
77,24,44
77,25,44
77,26,45
77,27,41
77,28,42
77,29,42
77,30,37
77,31,38
77,32,32
77,33,37
77,34,34
77,35,30
77,36,30
77,37,30
77,38,34
77,39,30
77,40,32
77,41,35
77,42,32
77,43,31
77,44,29
77,45,29
77,46,32
77,47,35
77,48,33
77,49,31
77,50,27
77,51,38
77,52,40
77,53,31
77,54,48
77,55,131
77,56,180
77,57,177
77,58,163
77,59,165
77,60,161
77,61,151
77,62,160
77,63,168
77,64,186
77,65,188
77,66,201
77,67,201
77,68,107
77,69,30
77,70,36
77,71,35
77,72,28
77,73,31
77,74,33
77,75,26
77,76,22
77,77,25
77,78,27
77,79,26
77,80,24
78,0,29
78,1,32
78,2,31
78,3,28
78,4,26
78,5,27
78,6,28
78,7,29
78,8,33
78,9,29
78,10,34
78,11,36
78,12,38
78,13,42
78,14,42
78,15,42
78,16,43
78,17,46
78,18,48
78,19,51
78,20,48
78,21,46
78,22,48
78,23,42
78,24,46
78,25,46
78,26,43
78,27,40
78,28,39
78,29,38
78,30,35
78,31,35
78,32,37
78,33,31
78,34,33
78,35,29
78,36,33
78,37,35
78,38,32
78,39,33
78,40,26
78,41,33
78,42,28
78,43,29
78,44,28
78,45,32
78,46,30
78,47,31
78,48,34
78,49,31
78,50,34
78,51,33
78,52,36
78,53,35
78,54,104
78,55,158
78,56,166
78,57,170
78,58,165
78,59,165
78,60,156
78,61,155
78,62,175
78,63,175
78,64,167
78,65,169
78,66,210
78,67,181
78,68,64
78,69,39
78,70,34
78,71,30
78,72,32
78,73,29
78,74,25
78,75,27
78,76,28
78,77,25
78,78,24
78,79,25
78,80,24
79,0,32
79,1,27
79,2,28
79,3,30
79,4,28
79,5,28
79,6,31
79,7,31
79,8,28
79,9,31
79,10,34
79,11,34
79,12,38
79,13,41
79,14,44
79,15,46
79,16,46
79,17,49
79,18,49
79,19,49
79,20,50
79,21,50
79,22,48
79,23,45
79,24,41
79,25,47
79,26,40
79,27,42
79,28,41
79,29,35
79,30,38
79,31,34
79,32,30
79,33,26
79,34,24
79,35,29
79,36,38
79,37,27
79,38,34
79,39,31
79,40,27
79,41,33
79,42,28
79,43,33
79,44,26
79,45,30
79,46,29
79,47,29
79,48,23
79,49,34
79,50,26
79,51,39
79,52,21
79,53,96
79,54,161
79,55,166
79,56,155
79,57,168
79,58,169
79,59,175
79,60,164
79,61,138
79,62,148
79,63,172
79,64,167
79,65,160
79,66,200
79,67,182
79,68,74
79,69,29
79,70,35
79,71,30
79,72,26
79,73,31
79,74,27
79,75,26
79,76,27
79,77,24
79,78,26
79,79,25
79,80,24
80,0,30
80,1,29
80,2,29
80,3,29
80,4,29
80,5,29
80,6,29
80,7,30
80,8,31
80,9,31
80,10,32
80,11,34
80,12,38
80,13,41
80,14,43
80,15,43
80,16,43
80,17,47
80,18,50
80,19,50
80,20,49
80,21,48
80,22,46
80,23,43
80,24,44
80,25,43
80,26,41
80,27,41
80,28,36
80,29,38
80,30,41
80,31,36
80,32,45
80,33,81
80,34,69
80,35,49
80,36,38
80,37,31
80,38,29
80,39,32
80,40,25
80,41,31
80,42,29
80,43,26
80,44,30
80,45,29
80,46,26
80,47,27
80,48,31
80,49,28
80,50,30
80,51,30
80,52,78
80,53,152
80,54,172
80,55,154
80,56,160
80,57,169
80,58,178
80,59,184
80,60,161
80,61,146
80,62,158
80,63,174
80,64,172
80,65,169
80,66,187
80,67,151
80,68,43
80,69,30
80,70,33
80,71,30
80,72,28
80,73,28
80,74,27
80,75,27
80,76,27
80,77,26
80,78,25
80,79,25
80,80,24
81,0,33
81,1,32
81,2,31
81,3,30
81,4,30
81,5,29
81,6,29
81,7,30
81,8,31
81,9,31
81,10,33
81,11,35
81,12,37
81,13,40
81,14,42
81,15,44
81,16,44
81,17,47
81,18,49
81,19,49
81,20,48
81,21,47
81,22,45
81,23,43
81,24,43
81,25,38
81,26,31
81,27,37
81,28,66
81,29,60
81,30,40
81,31,25
81,32,75
81,33,144
81,34,150
81,35,134
81,36,86
81,37,36
81,38,36
81,39,28
81,40,30
81,41,25
81,42,25
81,43,28
81,44,27
81,45,25
81,46,26
81,47,26
81,48,25
81,49,27
81,50,37
81,51,38
81,52,126
81,53,178
81,54,170
81,55,155
81,56,160
81,57,171
81,58,184
81,59,188
81,60,157
81,61,142
81,62,157
81,63,167
81,64,156
81,65,163
81,66,190
81,67,126
81,68,5
81,69,36
81,70,27
81,71,29
81,72,28
81,73,27
81,74,27
81,75,27
81,76,27
81,77,26
81,78,25
81,79,25
81,80,25
82,0,35
82,1,34
82,2,32
82,3,31
82,4,30
82,5,28
82,6,28
82,7,28
82,8,30
82,9,32
82,10,34
82,11,35
82,12,36
82,13,38
82,14,41
82,15,43
82,16,45
82,17,46
82,18,47
82,19,48
82,20,47
82,21,45
82,22,44
82,23,44
82,24,36
82,25,67
82,26,94
82,27,90
82,28,135
82,29,124
82,30,50
82,31,26
82,32,99
82,33,152
82,34,174
82,35,188
82,36,151
82,37,51
82,38,35
82,39,30
82,40,29
82,41,26
82,42,26
82,43,26
82,44,23
82,45,25
82,46,27
82,47,24
82,48,24
82,49,29
82,50,25
82,51,49
82,52,136
82,53,180
82,54,163
82,55,156
82,56,160
82,57,180
82,58,192
82,59,183
82,60,150
82,61,139
82,62,155
82,63,167
82,64,155
82,65,174
82,66,179
82,67,111
82,68,19
82,69,33
82,70,26
82,71,29
82,72,27
82,73,26
82,74,26
82,75,26
82,76,26
82,77,26
82,78,25
82,79,25
82,80,23
83,0,35
83,1,33
83,2,32
83,3,31
83,4,29
83,5,28
83,6,27
83,7,28
83,8,30
83,9,31
83,10,33
83,11,34
83,12,36
83,13,38
83,14,41
83,15,43
83,16,46
83,17,45
83,18,46
83,19,46
83,20,45
83,21,43
83,22,43
83,23,45
83,24,15
83,25,100
83,26,168
83,27,155
83,28,157
83,29,159
83,30,123
83,31,88
83,32,113
83,33,155
83,34,173
83,35,195
83,36,180
83,37,105
83,38,43
83,39,31
83,40,26
83,41,29
83,42,27
83,43,24
83,44,23
83,45,24
83,46,25
83,47,26
83,48,27
83,49,24
83,50,42
83,51,101
83,52,152
83,53,192
83,54,172
83,55,160
83,56,166
83,57,171
83,58,188
83,59,178
83,60,140
83,61,138
83,62,155
83,63,166
83,64,166
83,65,193
83,66,180
83,67,69
83,68,19
83,69,24
83,70,26
83,71,25
83,72,25
83,73,25
83,74,25
83,75,25
83,76,25
83,77,25
83,78,25
83,79,24
83,80,24
84,0,35
84,1,34
84,2,32
84,3,31
84,4,29
84,5,27
84,6,26
84,7,27
84,8,29
84,9,30
84,10,31
84,11,33
84,12,36
84,13,38
84,14,40
84,15,42
84,16,45
84,17,44
84,18,44
84,19,45
84,20,44
84,21,42
84,22,43
84,23,45
84,24,13
84,25,97
84,26,170
84,27,141
84,28,147
84,29,172
84,30,165
84,31,160
84,32,155
84,33,162
84,34,171
84,35,175
84,36,182
84,37,129
84,38,51
84,39,36
84,40,29
84,41,27
84,42,24
84,43,25
84,44,26
84,45,23
84,46,22
84,47,27
84,48,29
84,49,29
84,50,94
84,51,150
84,52,174
84,53,204
84,54,186
84,55,163
84,56,167
84,57,171
84,58,184
84,59,175
84,60,168
84,61,180
84,62,168
84,63,165
84,64,185
84,65,209
84,66,173
84,67,79
84,68,24
84,69,30
84,70,19
84,71,23
84,72,24
84,73,24
84,74,23
84,75,23
84,76,24
84,77,24
84,78,24
84,79,24
84,80,23
85,0,36
85,1,35
85,2,33
85,3,31
85,4,29
85,5,27
85,6,26
85,7,26
85,8,29
85,9,29
85,10,30
85,11,32
85,12,35
85,13,38
85,14,40
85,15,41
85,16,43
85,17,43
85,18,42
85,19,42
85,20,41
85,21,40
85,22,41
85,23,42
85,24,22
85,25,81
85,26,163
85,27,161
85,28,171
85,29,170
85,30,168
85,31,181
85,32,175
85,33,177
85,34,177
85,35,183
85,36,179
85,37,150
85,38,66
85,39,30
85,40,31
85,41,26
85,42,24
85,43,25
85,44,25
85,45,24
85,46,24
85,47,25
85,48,21
85,49,64
85,50,137
85,51,163
85,52,166
85,53,191
85,54,193
85,55,166
85,56,160
85,57,166
85,58,182
85,59,160
85,60,143
85,61,165
85,62,170
85,63,180
85,64,200
85,65,195
85,66,117
85,67,54
85,68,32
85,69,24
85,70,19
85,71,27
85,72,23
85,73,23
85,74,22
85,75,23
85,76,23
85,77,24
85,78,23
85,79,23
85,80,23
86,0,35
86,1,34
86,2,32
86,3,31
86,4,29
86,5,27
86,6,26
86,7,26
86,8,28
86,9,29
86,10,31
86,11,32
86,12,34
86,13,36
86,14,39
86,15,40
86,16,40
86,17,41
86,18,41
86,19,39
86,20,38
86,21,37
86,22,37
86,23,37
86,24,37
86,25,42
86,26,120
86,27,184
86,28,193
86,29,189
86,30,184
86,31,179
86,32,187
86,33,187
86,34,190
86,35,190
86,36,186
86,37,153
86,38,91
86,39,36
86,40,29
86,41,30
86,42,27
86,43,24
86,44,24
86,45,26
86,46,27
86,47,29
86,48,42
86,49,110
86,50,153
86,51,170
86,52,172
86,53,191
86,54,200
86,55,175
86,56,167
86,57,173
86,58,174
86,59,151
86,60,138
86,61,148
86,62,158
86,63,192
86,64,214
86,65,201
86,66,119
86,67,4
86,68,35
86,69,24
86,70,27
86,71,21
86,72,23
86,73,23
86,74,22
86,75,23
86,76,23
86,77,24
86,78,24
86,79,23
86,80,24
87,0,33
87,1,31
87,2,30
87,3,29
87,4,28
87,5,26
87,6,26
87,7,26
87,8,27
87,9,29
87,10,32
87,11,33
87,12,33
87,13,34
87,14,37
87,15,40
87,16,38
87,17,40
87,18,40
87,19,37
87,20,35
87,21,35
87,22,35
87,23,34
87,24,28
87,25,31
87,26,12
87,27,127
87,28,192
87,29,194
87,30,200
87,31,194
87,32,193
87,33,195
87,34,193
87,35,192
87,36,192
87,37,166
87,38,110
87,39,40
87,40,28
87,41,33
87,42,28
87,43,26
87,44,29
87,45,24
87,46,25
87,47,41
87,48,103
87,49,138
87,50,149
87,51,168
87,52,189
87,53,199
87,54,202
87,55,184
87,56,165
87,57,173
87,58,164
87,59,141
87,60,140
87,61,159
87,62,167
87,63,184
87,64,198
87,65,212
87,66,141
87,67,8
87,68,27
87,69,27
87,70,21
87,71,23
87,72,23
87,73,23
87,74,23
87,75,23
87,76,23
87,77,24
87,78,24
87,79,24
87,80,18
88,0,34
88,1,33
88,2,31
88,3,29
88,4,27
88,5,26
88,6,24
88,7,23
88,8,26
88,9,27
88,10,30
88,11,31
88,12,32
88,13,33
88,14,35
88,15,37
88,16,36
88,17,37
88,18,37
88,19,36
88,20,35
88,21,34
88,22,32
88,23,31
88,24,28
88,25,34
88,26,33
88,27,53
88,28,147
88,29,200
88,30,203
88,31,202
88,32,204
88,33,201
88,34,200
88,35,198
88,36,194
88,37,177
88,38,138
88,39,106
88,40,84
88,41,61
88,42,51
88,43,35
88,44,28
88,45,29
88,46,29
88,47,83
88,48,138
88,49,144
88,50,153
88,51,178
88,52,195
88,53,211
88,54,218
88,55,192
88,56,160
88,57,158
88,58,139
88,59,137
88,60,143
88,61,148
88,62,161
88,63,184
88,64,203
88,65,202
88,66,113
88,67,23
88,68,32
88,69,26
88,70,22
88,71,25
88,72,22
88,73,23
88,74,24
88,75,24
88,76,23
88,77,23
88,78,23
88,79,23
88,80,27
89,0,33
89,1,32
89,2,30
89,3,29
89,4,27
89,5,26
89,6,24
89,7,23
89,8,26
89,9,27
89,10,29
89,11,30
89,12,31
89,13,32
89,14,34
89,15,36
89,16,35
89,17,35
89,18,35
89,19,34
89,20,33
89,21,33
89,22,31
89,23,29
89,24,30
89,25,23
89,26,30
89,27,15
89,28,69
89,29,166
89,30,202
89,31,205
89,32,206
89,33,207
89,34,206
89,35,198
89,36,193
89,37,183
89,38,166
89,39,161
89,40,154
89,41,131
89,42,105
89,43,87
89,44,68
89,45,49
89,46,65
89,47,121
89,48,142
89,49,155
89,50,173
89,51,180
89,52,183
89,53,185
89,54,175
89,55,160
89,56,146
89,57,145
89,58,128
89,59,132
89,60,145
89,61,144
89,62,147
89,63,171
89,64,204
89,65,188
89,66,123
89,67,39
89,68,32
89,69,25
89,70,27
89,71,21
89,72,24
89,73,24
89,74,24
89,75,24
89,76,23
89,77,23
89,78,23
89,79,23
89,80,22
90,0,30
90,1,30
90,2,28
90,3,28
90,4,27
90,5,26
90,6,25
90,7,25
90,8,26
90,9,26
90,10,27
90,11,28
90,12,30
90,13,31
90,14,33
90,15,34
90,16,32
90,17,33
90,18,33
90,19,32
90,20,31
90,21,30
90,22,29
90,23,28
90,24,27
90,25,29
90,26,24
90,27,28
90,28,9
90,29,84
90,30,169
90,31,206
90,32,203
90,33,202
90,34,209
90,35,203
90,36,194
90,37,190
90,38,183
90,39,184
90,40,179
90,41,178
90,42,163
90,43,153
90,44,136
90,45,101
90,46,106
90,47,145
90,48,162
90,49,158
90,50,159
90,51,149
90,52,142
90,53,142
90,54,134
90,55,132
90,56,133
90,57,145
90,58,137
90,59,139
90,60,147
90,61,146
90,62,143
90,63,156
90,64,197
90,65,202
90,66,140
90,67,64
90,68,35
90,69,26
90,70,25
90,71,24
90,72,25
90,73,24
90,74,24
90,75,23
90,76,23
90,77,23
90,78,24
90,79,24
90,80,23
91,0,32
91,1,30
91,2,29
91,3,27
91,4,26
91,5,25
91,6,23
91,7,22
91,8,25
91,9,25
91,10,25
91,11,26
91,12,27
91,13,29
91,14,30
91,15,31
91,16,30
91,17,30
91,18,31
91,19,29
91,20,29
91,21,28
91,22,27
91,23,26
91,24,23
91,25,23
91,26,24
91,27,24
91,28,25
91,29,24
91,30,84
91,31,156
91,32,188
91,33,204
91,34,203
91,35,193
91,36,195
91,37,200
91,38,195
91,39,184
91,40,186
91,41,189
91,42,190
91,43,184
91,44,183
91,45,166
91,46,157
91,47,161
91,48,148
91,49,138
91,50,131
91,51,133
91,52,133
91,53,133
91,54,136
91,55,130
91,56,137
91,57,152
91,58,151
91,59,147
91,60,146
91,61,149
91,62,148
91,63,153
91,64,189
91,65,197
91,66,176
91,67,104
91,68,32
91,69,30
91,70,26
91,71,26
91,72,23
91,73,23
91,74,23
91,75,23
91,76,23
91,77,24
91,78,25
91,79,25
91,80,24
92,0,29
92,1,28
92,2,27
92,3,26
92,4,25
92,5,25
92,6,24
92,7,23
92,8,24
92,9,24
92,10,23
92,11,24
92,12,25
92,13,26
92,14,27
92,15,28
92,16,27
92,17,28
92,18,28
92,19,28
92,20,27
92,21,27
92,22,26
92,23,25
92,24,28
92,25,23
92,26,22
92,27,21
92,28,24
92,29,28
92,30,11
92,31,63
92,32,111
92,33,140
92,34,157
92,35,164
92,36,174
92,37,182
92,38,186
92,39,187
92,40,196
92,41,191
92,42,197
92,43,192
92,44,194
92,45,188
92,46,168
92,47,143
92,48,128
92,49,131
92,50,127
92,51,138
92,52,141
92,53,138
92,54,143
92,55,135
92,56,144
92,57,154
92,58,155
92,59,149
92,60,138
92,61,136
92,62,146
92,63,167
92,64,190
92,65,200
92,66,195
92,67,124
92,68,9
92,69,31
92,70,25
92,71,21
92,72,22
92,73,23
92,74,23
92,75,24
92,76,24
92,77,24
92,78,25
92,79,25
92,80,27
93,0,27
93,1,27
93,2,26
93,3,25
93,4,25
93,5,25
93,6,24
93,7,24
93,8,23
93,9,23
93,10,23
93,11,23
93,12,23
93,13,24
93,14,25
93,15,25
93,16,26
93,17,27
93,18,27
93,19,26
93,20,26
93,21,26
93,22,25
93,23,24
93,24,21
93,25,24
93,26,21
93,27,23
93,28,22
93,29,21
93,30,29
93,31,20
93,32,9
93,33,11
93,34,62
93,35,81
93,36,97
93,37,131
93,38,135
93,39,152
93,40,160
93,41,176
93,42,188
93,43,198
93,44,201
93,45,176
93,46,147
93,47,129
93,48,139
93,49,148
93,50,143
93,51,140
93,52,144
93,53,143
93,54,142
93,55,143
93,56,149
93,57,155
93,58,152
93,59,145
93,60,136
93,61,130
93,62,139
93,63,168
93,64,196
93,65,209
93,66,187
93,67,172
93,68,74
93,69,26
93,70,28
93,71,25
93,72,23
93,73,23
93,74,24
93,75,24
93,76,25
93,77,24
93,78,24
93,79,23
93,80,24
94,0,29
94,1,28
94,2,27
94,3,25
94,4,24
94,5,23
94,6,21
94,7,21
94,8,23
94,9,23
94,10,23
94,11,23
94,12,22
94,13,22
94,14,23
94,15,23
94,16,24
94,17,25
94,18,25
94,19,25
94,20,25
94,21,25
94,22,24
94,23,23
94,24,22
94,25,17
94,26,31
94,27,15
94,28,23
94,29,25
94,30,25
94,31,26
94,32,27
94,33,32
94,34,36
94,35,11
94,36,42
94,37,60
94,38,25
94,39,63
94,40,75
94,41,121
94,42,155
94,43,188
94,44,199
94,45,167
94,46,135
94,47,136
94,48,139
94,49,147
94,50,143
94,51,138
94,52,143
94,53,142
94,54,140
94,55,147
94,56,154
94,57,152
94,58,145
94,59,140
94,60,139
94,61,138
94,62,138
94,63,154
94,64,176
94,65,208
94,66,199
94,67,186
94,68,111
94,69,8
94,70,32
94,71,27
94,72,25
94,73,24
94,74,24
94,75,24
94,76,25
94,77,25
94,78,25
94,79,24
94,80,25
95,0,25
95,1,25
95,2,24
95,3,24
95,4,24
95,5,25
95,6,24
95,7,24
95,8,22
95,9,23
95,10,24
95,11,24
95,12,22
95,13,21
95,14,22
95,15,23
95,16,23
95,17,24
95,18,25
95,19,24
95,20,24
95,21,24
95,22,24
95,23,23
95,24,18
95,25,28
95,26,19
95,27,22
95,28,23
95,29,23
95,30,22
95,31,26
95,32,39
95,33,49
95,34,55
95,35,51
95,36,55
95,37,46
95,38,41
95,39,71
95,40,101
95,41,136
95,42,164
95,43,188
95,44,189
95,45,166
95,46,142
95,47,147
95,48,146
95,49,147
95,50,142
95,51,141
95,52,141
95,53,137
95,54,142
95,55,152
95,56,148
95,57,144
95,58,143
95,59,141
95,60,134
95,61,134
95,62,138
95,63,153
95,64,149
95,65,190
95,66,205
95,67,193
95,68,144
95,69,78
95,70,35
95,71,22
95,72,25
95,73,24
95,74,24
95,75,24
95,76,25
95,77,26
95,78,26
95,79,26
95,80,23
96,0,25
96,1,25
96,2,24
96,3,23
96,4,22
96,5,23
96,6,23
96,7,23
96,8,22
96,9,22
96,10,23
96,11,22
96,12,22
96,13,21
96,14,21
96,15,22
96,16,21
96,17,27
96,18,24
96,19,20
96,20,23
96,21,27
96,22,22
96,23,20
96,24,22
96,25,24
96,26,20
96,27,24
96,28,24
96,29,38
96,30,68
96,31,96
96,32,123
96,33,113
96,34,105
96,35,116
96,36,101
96,37,82
96,38,98
96,39,126
96,40,147
96,41,159
96,42,177
96,43,192
96,44,173
96,45,152
96,46,147
96,47,149
96,48,151
96,49,149
96,50,144
96,51,135
96,52,139
96,53,146
96,54,145
96,55,150
96,56,142
96,57,142
96,58,137
96,59,130
96,60,127
96,61,138
96,62,145
96,63,152
96,64,146
96,65,180
96,66,211
96,67,194
96,68,184
96,69,136
96,70,2
96,71,37
96,72,24
96,73,25
96,74,27
96,75,27
96,76,25
96,77,24
96,78,24
96,79,27
96,80,24
97,0,25
97,1,24
97,2,23
97,3,23
97,4,22
97,5,22
97,6,23
97,7,23
97,8,22
97,9,22
97,10,23
97,11,22
97,12,22
97,13,21
97,14,21
97,15,21
97,16,24
97,17,18
97,18,22
97,19,20
97,20,20
97,21,17
97,22,23
97,23,23
97,24,22
97,25,26
97,26,21
97,27,23
97,28,33
97,29,77
97,30,111
97,31,143
97,32,150
97,33,156
97,34,152
97,35,152
97,36,141
97,37,136
97,38,143
97,39,149
97,40,160
97,41,178
97,42,187
97,43,182
97,44,159
97,45,150
97,46,151
97,47,151
97,48,144
97,49,146
97,50,139
97,51,139
97,52,146
97,53,148
97,54,149
97,55,147
97,56,144
97,57,137
97,58,137
97,59,139
97,60,137
97,61,147
97,62,153
97,63,157
97,64,167
97,65,176
97,66,195
97,67,201
97,68,201
97,69,141
97,70,12
97,71,38
97,72,28
97,73,25
97,74,25
97,75,26
97,76,26
97,77,25
97,78,26
97,79,27
97,80,25
98,0,24
98,1,24
98,2,23
98,3,22
98,4,22
98,5,22
98,6,22
98,7,22
98,8,22
98,9,22
98,10,22
98,11,22
98,12,21
98,13,21
98,14,21
98,15,21
98,16,15
98,17,19
98,18,23
98,19,18
98,20,20
98,21,19
98,22,23
98,23,22
98,24,27
98,25,19
98,26,24
98,27,30
98,28,75
98,29,137
98,30,148
98,31,154
98,32,161
98,33,168
98,34,167
98,35,167
98,36,160
98,37,158
98,38,158
98,39,156
98,40,169
98,41,180
98,42,184
98,43,175
98,44,154
98,45,147
98,46,148
98,47,146
98,48,147
98,49,147
98,50,140
98,51,142
98,52,149
98,53,147
98,54,146
98,55,142
98,56,134
98,57,135
98,58,149
98,59,152
98,60,133
98,61,136
98,62,155
98,63,173
98,64,170
98,65,160
98,66,180
98,67,204
98,68,198
98,69,172
98,70,81
98,71,14
98,72,34
98,73,29
98,74,25
98,75,25
98,76,26
98,77,25
98,78,25
98,79,26
98,80,28
99,0,23
99,1,23
99,2,22
99,3,22
99,4,22
99,5,22
99,6,22
99,7,22
99,8,21
99,9,22
99,10,22
99,11,22
99,12,21
99,13,21
99,14,21
99,15,21
99,16,22
99,17,23
99,18,18
99,19,24
99,20,23
99,21,23
99,22,22
99,23,27
99,24,20
99,25,19
99,26,23
99,27,84
99,28,124
99,29,150
99,30,151
99,31,157
99,32,168
99,33,165
99,34,161
99,35,167
99,36,163
99,37,158
99,38,157
99,39,161
99,40,170
99,41,167
99,42,161
99,43,155
99,44,147
99,45,144
99,46,146
99,47,146
99,48,147
99,49,143
99,50,140
99,51,141
99,52,147
99,53,149
99,54,146
99,55,147
99,56,149
99,57,134
99,58,132
99,59,138
99,60,133
99,61,142
99,62,154
99,63,163
99,64,169
99,65,170
99,66,172
99,67,193
99,68,198
99,69,194
99,70,131
99,71,11
99,72,35
99,73,31
99,74,25
99,75,25
99,76,27
99,77,25
99,78,26
99,79,27
99,80,27
100,0,22
100,1,22
100,2,22
100,3,22
100,4,22
100,5,21
100,6,21
100,7,21
100,8,21
100,9,21
100,10,21
100,11,21
100,12,21
100,13,21
100,14,20
100,15,20
100,16,22
100,17,20
100,18,18
100,19,24
100,20,22
100,21,20
100,22,18
100,23,8
100,24,40
100,25,65
100,26,94
100,27,127
100,28,146
100,29,155
100,30,155
100,31,160
100,32,167
100,33,163
100,34,159
100,35,161
100,36,157
100,37,157
100,38,156
100,39,160
100,40,160
100,41,154
100,42,146
100,43,138
100,44,138
100,45,145
100,46,149
100,47,147
100,48,145
100,49,143
100,50,142
100,51,144
100,52,147
100,53,148
100,54,146
100,55,147
100,56,143
100,57,133
100,58,131
100,59,137
100,60,137
100,61,144
100,62,148
100,63,152
100,64,178
100,65,194
100,66,167
100,67,163
100,68,184
100,69,196
100,70,160
100,71,65
100,72,29
100,73,30
100,74,26
100,75,27
100,76,28
100,77,26
100,78,28
100,79,30
100,80,29
101,0,21
101,1,21
101,2,22
101,3,22
101,4,22
101,5,21
101,6,21
101,7,20
101,8,21
101,9,21
101,10,21
101,11,21
101,12,21
101,13,21
101,14,20
101,15,20
101,16,24
101,17,18
101,18,23
101,19,21
101,20,22
101,21,7
101,22,45
101,23,80
101,24,106
101,25,135
101,26,134
101,27,148
101,28,140
101,29,153
101,30,155
101,31,160
101,32,165
101,33,163
101,34,163
101,35,161
101,36,157
101,37,160
101,38,156
101,39,158
101,40,147
101,41,147
101,42,147
101,43,138
101,44,139
101,45,144
101,46,149
101,47,149
101,48,145
101,49,149
101,50,144
101,51,150
101,52,150
101,53,142
101,54,143
101,55,138
101,56,130
101,57,133
101,58,139
101,59,145
101,60,145
101,61,147
101,62,144
101,63,148
101,64,170
101,65,191
101,66,176
101,67,154
101,68,169
101,69,205
101,70,184
101,71,95
101,72,24
101,73,31
101,74,28
101,75,28
101,76,28
101,77,25
101,78,28
101,79,30
101,80,24
