y_val,x_val,data_channel
2,47,115
55,22,114
9,59,101
83,11,148
30,75,85
53,74,186
1,50,142
44,89,181
82,43,91
36,78,157
99,88,80
57,38,88
57,16,172
31,48,150
26,72,68
89,78,90
37,84,181
50,64,179
86,9,164
69,56,45
5,92,75
86,67,66
32,41,116
8,1,152
103,37,176
20,8,132
11,76,143
66,81,181
65,11,181
10,91,141
46,91,182
30,57,67
38,34,61
101,35,180
27,23,83
94,84,181
72,3,154
4,55,135
43,32,69
5,72,121
98,75,85
15,68,134
14,21,154
75,58,47
92,41,181
17,14,124
32,90,151
19,58,181
101,58,118
28,37,157
0,15,148
23,82,122
84,10,161
107,61,146
13,84,154
104,56,189
11,12,127
32,39,118
12,22,118
101,1,175
36,44,63
1,61,150
46,85,177
6,84,124
101,10,177
80,66,83
17,81,156
77,17,171
84,65,88
42,91,183
2,55,149
14,56,147
12,86,153
79,44,97
53,42,94
62,20,148
56,7,192
50,91,183
101,43,179
107,3,169
106,23,182
31,30,88
57,15,164
4,85,121
19,12,108
48,53,180
15,68,134
43,17,155
7,57,116
68,15,183
66,17,185
29,34,125
55,25,113
79,74,52
11,33,151
82,2,148
103,82,66
106,27,186
41,31,74
71,39,59
81,62,65
1,2,162
2,81,89
68,31,39
107,61,146
9,43,167
1,58,152
105,60,105
34,16,136
93,56,130
82,32,169
5,19,90
1,58,152
36,26,113
52,91,183
23,16,116
105,78,78
83,60,75
63,62,185
107,8,158
26,74,90
34,74,81
90,59,120
76,39,142
0,20,156
72,6,164
20,88,127
68,30,68
70,49,51
42,33,60
21,59,181
6,45,177
61,79,185
19,90,104
32,74,69
77,26,159
1,89,162
68,69,186
38,68,69
84,1,155
91,43,168
35,13,153
77,26,159
5,35,122
86,63,54
54,69,184
59,71,182
53,24,106
23,27,110
82,88,185
95,73,106
39,52,115
18,49,126
7,38,129
21,5,115
60,16,170
91,88,184
79,67,79
26,24,99
9,23,127
29,82,67
65,55,120
24,11,101
29,11,144
57,65,181
15,75,147
59,36,140
60,37,134
107,13,169
50,52,184
56,90,183
48,35,146
96,52,148
47,91,181
8,91,111
59,42,54
54,92,183
79,30,133
89,79,91
7,10,174
13,89,127
11,18,144
79,72,46
1,15,110
60,91,181
60,76,184
6,27,146
78,5,158
8,80,135
82,80,182
56,67,187
99,23,174
73,70,113
22,24,133
100,87,80
18,2,166
92,19,165
84,59,68
57,13,178
91,29,180
15,45,110
9,32,165
40,67,153
44,60,178
106,52,187
64,19,181
26,55,155
60,86,183
78,67,79
98,91,156
19,48,126
105,84,86
74,20,194
38,0,175
67,52,74
88,65,64
12,63,67
12,59,120
48,49,176
61,54,185
61,48,77
70,22,186
101,48,191
61,51,61
35,12,141
24,32,117
7,32,127
64,62,184
101,22,178
93,67,110
78,92,184
16,23,137
30,12,164
50,20,130
55,1,182
52,87,185
23,9,106
47,2,167
83,69,82
38,33,67
36,68,67
55,81,183
107,14,173
71,53,52
51,19,116
1,49,130
48,89,181
31,88,114
75,75,44
93,76,120
62,42,109
64,29,67
16,76,154
88,70,56
26,42,98
79,74,52
47,54,178
86,6,169
21,22,118
75,61,48
51,29,138
91,61,121
93,87,183
33,13,159
59,34,135
52,90,184
95,68,94
104,43,185
6,60,138
96,5,168
62,30,103
23,57,176
82,45,83
57,70,184
6,37,123
49,29,88
22,23,140
77,57,58
93,56,130
43,22,97
91,48,173
85,30,171
92,86,186
11,54,137
12,46,141
28,26,137
84,92,184
87,84,141
94,8,173
79,37,134
24,22,115
84,23,168
12,72,164
3,35,127
26,58,179
30,9,151
34,40,88
102,78,62
83,0,156
46,21,118
79,93,184
93,15,181
31,39,130
72,57,51
102,69,72
69,23,183
29,80,76
52,58,181
1,11,152
43,90,183
77,42,96
56,14,185
67,58,71
86,37,162
95,65,111
47,15,183
89,39,166
52,56,183
30,23,141
68,80,178
71,10,167
18,71,143
69,55,50
73,22,161
54,62,183
45,91,184
75,28,139
90,51,158
27,9,114
16,78,151
80,8,154
54,19,146
44,72,180
27,21,115
106,48,166
94,71,113
80,90,184
105,28,181
52,2,172
75,11,181
16,90,146
64,92,184
38,49,126
76,1,153
56,90,183
19,17,109
64,22,155
27,28,131
39,60,80
22,80,128
47,21,130
23,89,82
4,3,150
27,54,138
82,82,186
107,17,176
72,65,117
63,88,182
66,68,181
39,68,122
55,47,155
105,22,183
75,8,156
30,23,141
104,54,179
103,32,189
51,36,140
8,66,129
8,62,144
5,49,141
18,1,133
96,75,95
59,19,149
87,9,158
97,92,184
106,34,188
55,86,181
10,4,133
70,14,185
7,74,107
94,60,135
29,65,133
50,53,183
91,55,123
76,52,77
74,89,184
74,77,125
0,42,146
104,38,178
86,32,155
106,77,103
3,30,141
71,60,55
85,33,170
87,8,164
3,91,121
7,63,140
83,78,181
63,14,172
70,65,104
58,64,182
88,73,71
90,65,114
57,22,127
43,14,157
96,54,127
50,63,181
31,80,106
30,64,116
104,83,69
18,30,116
20,8,132
102,27,176
48,90,181
53,22,113
31,48,150
12,54,128
39,51,155
88,64,63
20,7,132
97,30,169
40,60,137
62,39,118
101,22,178
63,45,112
96,83,99
85,23,180
108,92,54
27,61,165
23,10,92
44,2,173
41,64,170
33,8,139
91,16,171
62,13,181
40,85,180
59,80,186
35,12,141
70,65,104
80,40,87
90,28,180
45,63,177
65,41,92
15,76,152
30,33,98
96,41,177
90,66,116
82,5,175
33,0,167
97,13,182
1,80,70
10,93,112
40,83,179
53,77,183
52,30,95
21,9,118
100,43,183
104,32,203
35,66,62
94,33,180
15,62,147
58,89,182
54,9,159
4,26,165
68,86,181
58,27,132
91,92,182
32,28,85
55,2,186
69,52,79
106,66,137
87,77,112
84,5,174
7,0,143
59,78,183
54,83,184
16,86,103
12,79,141
53,70,182
107,32,165
58,64,182
0,71,159
104,43,185
96,71,122
36,68,67
4,91,88
82,23,174
60,54,188
17,34,130
34,26,135
59,49,81
44,55,167
37,0,171
83,82,187
14,73,152
32,86,117
54,18,160
57,47,124
0,52,152
38,43,101
95,0,171
15,81,159
91,15,180
47,20,132
105,34,193
91,50,164
83,89,181
52,3,177
106,63,125
60,71,183
96,6,173
47,22,138
10,78,125
45,80,178
16,43,144
56,85,184
102,77,69
2,83,126
107,12,164
82,17,176
69,29,139
37,41,55
12,5,82
17,41,127
50,80,181
31,9,153
28,16,139
13,32,134
42,20,66
46,12,169
36,41,57
11,72,154
85,65,75
97,41,173
87,28,189
97,2,168
96,65,123
14,52,171
98,26,165
41,20,43
74,50,35
71,3,165
23,82,122
40,0,192
77,48,97
99,56,125
36,41,57
94,7,178
49,70,181
78,28,137
51,77,182
8,23,152
57,51,186
89,89,186
88,82,100
23,18,134
108,21,169
88,38,162
24,46,127
1,20,137
94,88,182
94,21,157
37,83,180
46,19,157
54,45,166
90,1,161
44,76,179
98,42,180
91,49,168
83,44,89
84,41,84
98,2,148
15,29,106
2,57,152
82,86,180
65,62,167
82,86,180
44,26,72
107,86,128
9,82,132
54,44,148
101,88,76
41,58,154
25,62,181
66,84,181
4,5,163
46,49,176
108,81,102
53,37,148
79,60,61
66,8,185
79,60,61
16,64,147
76,69,57
47,36,145
31,72,66
105,11,183
30,28,72
47,38,157
50,42,165
16,63,146
69,49,74
77,57,58
58,55,184
26,16,127
17,81,156
60,58,188
18,83,135
0,61,145
40,35,75
77,26,159
104,10,185
53,92,182
51,46,167
8,46,169
67,31,44
75,39,146
38,8,131
90,71,81
73,91,182
5,34,128
76,64,71
107,46,164
81,64,60
47,83,181
16,27,103
34,25,134
42,11,156
41,23,71
33,73,75
15,39,124
0,69,107
22,86,129
76,63,60
87,45,156
35,75,105
22,18,151
67,30,51
107,82,88
15,82,150
76,40,126
73,80,185
38,8,131
86,58,51
7,41,178
38,65,49
88,41,164
8,0,150
63,84,185
64,69,186
92,2,148
23,41,112
94,29,178
82,40,108
27,61,165
107,23,181
74,91,184
71,15,189
0,77,120
64,43,108
76,85,185
74,41,143
49,38,151
8,28,111
26,41,107
107,44,154
13,84,154
74,38,160
108,61,160
42,19,76
5,13,145
38,24,65
18,77,143
95,3,163
80,33,145
103,26,168
72,57,51
16,87,114
37,70,67
14,24,141
48,17,149
1,84,126
39,78,176
67,64,132
46,48,179
57,70,184
93,0,164
4,73,109
83,86,178
86,37,162
63,18,169
33,59,54
65,0,192
82,36,140
33,12,155
63,13,178
88,17,146
10,85,92
22,69,139
54,82,182
108,82,111
0,18,166
21,23,129
5,2,144
81,28,142
59,41,60
14,3,132
63,64,182
34,3,135
68,23,176
79,35,118
103,20,176
43,22,97
1,70,126
47,32,55
1,33,135
46,10,183
72,46,60
21,81,142
33,82,116
33,20,176
87,8,164
99,70,102
30,39,152
29,31,89
54,45,166
104,49,180
47,52,176
108,42,181
51,67,178
50,82,185
7,73,114
69,46,72
66,17,185
5,41,169
78,23,150
29,63,124
37,9,117
104,81,70
0,84,135
64,78,182
56,89,184
55,18,140
59,41,60
91,49,168
19,0,121
49,58,175
95,38,176
108,15,165
20,21,114
58,0,167
64,49,86
32,75,61
70,9,177
85,20,168
23,37,134
67,63,103
92,10,177
98,9,170
96,47,193
64,51,41
88,37,164
82,45,83
42,62,177
7,0,143
99,61,105
38,57,63
92,23,147
75,23,191
26,49,106
18,12,109
3,46,155
101,0,180
108,90,85
67,60,69
68,9,187
66,12,182
107,38,189
40,39,45
33,47,103
95,92,184
82,20,167
13,58,144
35,77,114
70,79,192
59,15,175
106,63,125
97,13,182
43,0,169
107,24,182
96,33,179
63,41,105
47,0,148
6,39,149
76,50,91
33,1,153
47,65,172
50,90,182
77,59,61
53,6,178
102,68,74
7,63,140
54,82,182
25,86,65
90,58,117
107,2,165
96,9,182
43,59,183
48,47,177
78,23,150
76,55,48
26,78,108
13,37,130
12,56,134
97,16,160
26,63,183
90,32,192
56,31,88
70,21,184
4,73,109
98,56,122
72,85,186
10,63,143
106,37,187
46,9,184
69,52,79
34,21,167
67,55,61
46,92,182
62,89,183
87,57,56
48,66,182
41,78,175
56,82,180
21,29,95
85,23,180
78,1,151
100,76,67
38,41,51
26,77,110
58,84,186
24,24,130
83,57,69
83,48,85
74,71,69
98,47,192
20,0,147
1,1,151
3,2,149
33,34,90
88,34,170
78,50,106
40,78,176
52,34,69
30,84,71
39,45,99
68,59,68
86,2,169
21,84,138
41,93,179
55,53,184
83,24,170
101,69,57
108,25,183
2,25,169
39,52,115
32,54,87
106,28,184
48,21,141
81,84,186
33,37,101
25,78,130
75,75,44
2,77,151
97,36,164
65,76,184
101,13,169
19,81,143
56,12,165
7,88,119
88,5,142
13,36,124
62,14,183
41,16,162
51,19,116
57,36,102
23,52,177
46,16,177
31,41,133
21,2,142
7,65,120
96,12,183
75,58,47
76,49,102
7,86,121
3,73,127
38,81,183
71,13,183
22,9,109
14,30,132
28,51,103
89,75,55
21,6,121
21,70,132
78,36,151
96,91,186
97,63,133
71,20,177
68,68,178
55,47,155
92,46,167
30,5,153
96,3,173
58,2,169
8,79,145
26,23,71
80,87,180
1,62,135
61,71,184
11,82,165
59,14,181
42,14,164
62,11,178
10,31,161
0,31,111
7,82,115
33,46,94
26,40,118
78,86,181
106,58,151
104,35,188
73,2,170
52,87,185
38,82,183
96,90,190
89,11,166
41,16,162
106,58,151
9,68,136
10,51,148
52,71,180
72,64,101
94,38,173
36,57,60
35,24,148
97,40,174
77,26,159
23,41,112
72,42,64
41,36,63
54,34,65
79,18,180
8,10,170
32,1,149
30,14,151
53,70,182
46,25,127
48,50,178
68,67,155
82,89,185
101,91,82
27,84,63
27,90,56
18,41,128
15,64,149
51,61,183
72,52,51
13,7,92
62,47,111
40,65,150
70,84,184
20,60,175
11,58,109
17,20,121
3,28,146
87,6,161
40,37,60
25,81,79
32,39,118
27,13,137
51,16,67
41,9,169
96,30,181
30,9,151
47,73,179
53,52,180
102,22,183
11,14,137
74,3,173
59,26,158
42,63,176
105,77,78
76,30,132
0,2,148
25,21,75
69,7,183
36,76,148
12,52,161
65,69,178
69,16,185
56,61,181
50,13,171
13,21,143
9,2,141
74,19,187
29,33,112
24,54,165
51,91,183
108,24,179
76,74,48
43,63,175
82,77,129
9,14,128
49,87,181
37,89,182
26,59,183
37,81,178
43,87,179
65,9,173
80,93,184
103,53,179
76,21,166
52,35,92
102,53,184
101,18,181
9,22,117
38,57,63
50,45,167
86,68,79
87,60,68
6,69,125
49,60,179
65,55,120
108,14,162
13,58,144
63,51,45
65,61,157
51,48,169
80,53,83
78,75,46
80,50,95
61,93,179
11,85,104
0,29,131
59,14,181
2,59,150
84,50,95
95,72,112
71,54,54
93,44,178
40,39,45
23,22,140
14,25,133
57,52,187
1,37,170
46,83,179
53,78,182
79,22,161
99,16,184
88,41,164
103,93,102
81,42,82
34,39,100
48,84,178
94,12,161
89,41,170
35,21,127
5,4,152
97,48,195
12,81,138
57,42,54
19,55,183
79,50,110
78,31,117
77,3,156
69,62,81
65,0,192
65,46,99
67,89,181
74,63,52
106,16,187
52,81,181
61,73,184
15,75,147
74,75,54
37,37,46
97,65,127
87,7,156
27,4,152
95,86,155
73,36,137
65,67,181
92,35,185
91,42,175
75,4,170
37,84,181
66,19,185
20,43,92
59,28,126
43,52,167
4,50,100
39,51,155
102,32,194
42,77,176
100,3,134
53,64,176
36,2,168
62,42,109
33,49,122
72,74,85
19,57,185
82,35,139
97,43,181
84,0,141
51,24,138
17,58,184
29,40,167
44,76,179
43,81,181
79,21,159
27,91,55
37,46,51
48,14,190
55,16,173
25,31,112
93,68,106
84,64,80
39,45,99
29,91,80
78,9,177
16,49,142
29,18,144
8,91,111
16,34,128
75,16,164
37,4,157
91,9,187
42,72,179
21,81,142
21,8,116
73,21,174
45,25,103
52,55,182
70,24,195
97,16,160
13,0,128
66,32,65
47,32,55
51,29,138
50,25,137
12,38,148
54,45,166
51,17,80
67,85,180
32,26,131
61,44,110
75,35,161
71,69,180
14,2,126
39,15,174
55,60,187
38,26,89
103,15,176
46,80,179
65,78,186
5,58,139
77,39,137
13,53,166
31,60,48
21,28,102
21,46,99
49,12,151
33,15,121
82,50,82
3,33,127
40,16,152
85,22,183
90,30,179
24,68,101
0,88,176
75,58,47
90,6,185
33,62,61
89,37,169
23,29,102
16,49,142
45,1,178
53,6,178
103,21,189
55,5,187
99,40,183
71,50,42
90,18,160
22,32,120
97,54,125
69,78,182
101,76,66
95,16,172
95,2,168
82,3,144
106,70,153
57,69,185
66,68,181
35,47,51
103,77,59
74,44,140
86,40,131
103,84,67
79,42,83
19,13,96
22,92,117
10,12,132
15,50,178
3,78,120
8,59,115
40,3,178
2,78,124
33,64,89
60,41,81
99,34,175
22,41,120
104,87,58
64,12,198
74,71,69
72,16,190
19,9,136
83,73,91
77,11,172
79,57,76
85,12,145
64,15,172
5,61,152
41,73,180
98,65,115
103,67,131
9,42,149
47,62,180
14,27,115
71,76,169
97,54,125
6,77,124
54,25,102
36,28,96
62,38,114
43,76,180
91,46,163
56,30,104
35,70,80
67,44,106
74,10,164
102,89,77
21,73,153
1,69,124
100,66,95
63,5,174
51,84,180
54,9,159
50,18,119
65,53,91
83,21,158
105,27,182
18,7,135
14,89,143
12,75,152
41,19,52
61,17,157
80,3,154
64,78,182
39,53,69
56,16,183
86,75,68
80,24,163
75,47,83
90,84,173
23,60,180
29,51,100
102,33,191
50,0,150
100,71,89
85,46,97
19,90,104
33,28,92
60,32,127
58,2,169
28,6,168
31,6,151
98,66,104
81,0,127
8,63,133
68,35,58
4,79,85
70,68,159
52,69,181
31,81,100
13,68,102
48,17,149
67,63,103
91,26,173
103,51,189
100,49,191
99,10,173
92,32,182
99,67,95
48,91,182
102,65,152
19,78,143
107,28,187
70,68,159
46,70,179
13,30,132
76,92,186
27,66,170
33,71,62
63,50,55
0,73,173
75,40,140
44,40,112
108,10,158
11,25,119
102,84,74
91,57,107
30,75,85
0,15,148
26,82,54
27,88,71
9,84,118
108,43,180
28,49,108
75,83,185
35,56,68
13,32,134
107,0,155
4,4,159
99,56,125
105,11,183
35,75,105
5,62,151
68,48,89
71,0,142
45,45,140
98,34,177
57,58,182
14,32,130
95,28,180
25,34,117
69,57,55
63,29,82
32,0,152
62,80,188
25,59,176
102,66,131
75,13,188
13,64,75
92,56,130
70,68,159
10,82,152
1,82,115
100,61,107
108,74,155
53,90,185
64,28,68
48,56,178
80,33,145
0,0,131
26,20,105
91,62,107
57,48,143
14,51,175
95,63,117
32,46,144
60,14,182
28,59,115
60,26,151
87,63,52
0,88,176
72,86,181
16,25,140
94,8,173
8,53,150
74,35,153
16,26,132
43,5,186
100,75,61
13,54,148
74,41,143
77,87,185
38,3,172
91,89,183
54,72,182
4,4,159
29,56,79
17,31,89
35,58,58
86,32,155
2,93,162
100,49,191
57,81,182
97,22,172
0,59,140
35,30,46
92,73,114
58,49,115
86,34,163
74,6,157
3,74,153
28,77,78
87,85,169
5,45,178
73,62,51
85,59,73
38,19,143
79,50,110
92,86,186
42,46,65
40,88,173
33,73,75
53,6,178
82,56,70
12,84,154
82,90,186
30,21,132
60,57,188
10,51,148
54,15,151
39,34,72
50,15,128
42,47,65
17,41,127
70,62,78
66,86,181
23,15,105
88,82,100
73,61,46
0,53,162
24,2,164
76,35,173
4,91,88
87,14,150
9,7,158
99,1,131
92,41,181
42,52,155
35,36,69
33,54,75
84,11,149
37,59,42
99,43,187
76,93,187
39,92,179
14,38,130
100,37,179
45,26,99
37,16,190
27,64,161
108,82,111
4,48,155
49,65,180
24,66,130
1,74,174
35,43,64
88,32,173
37,70,67
81,17,180
16,10,125
101,60,102
59,32,137
83,46,80
28,81,52
20,89,117
73,8,157
65,55,120
84,30,175
81,19,176
93,56,130
82,84,185
68,57,70
0,51,150
12,54,128
32,74,69
79,2,159
34,58,55
95,71,123
76,59,53
42,18,108
36,53,60
28,77,78
82,53,79
36,70,63
75,24,192
98,89,124
100,59,104
98,64,129
73,21,174
24,35,125
15,90,157
14,62,136
25,45,105
23,88,82
72,24,165
94,71,113
89,35,171
47,87,179
32,22,171
105,22,183
80,46,105
102,15,171
49,86,183
26,60,178
57,61,181
35,9,126
2,76,155
61,43,105
21,61,179
61,8,190
107,42,168
94,28,178
92,23,147
38,62,57
63,46,122
59,64,185
31,12,160
15,77,145
9,74,116
96,55,135
1,90,165
56,4,190
38,75,179
1,55,160
8,81,128
81,6,167
13,22,132
14,81,146
99,56,125
66,8,185
66,65,184
29,18,144
64,35,100
101,17,174
62,58,182
78,74,40
82,33,157
36,11,142
25,7,108
18,34,115
43,43,44
13,92,180
65,67,181
44,27,72
49,3,164
96,72,110
14,53,169
73,77,156
37,67,55
35,34,70
74,33,164
37,39,50
99,54,173
71,61,54
85,22,183
105,83,88
67,4,186
97,51,181
72,80,188
3,12,135
99,32,176
76,91,184
87,9,158
45,24,108
2,89,141
22,6,133
63,61,187
42,53,156
99,47,181
95,12,167
65,89,181
104,61,104
38,81,183
13,68,102
84,28,177
68,11,184
26,65,178
22,17,136
6,92,85
2,93,162
74,79,188
84,86,178
25,89,55
80,75,78
26,2,172
93,17,178
99,90,101
78,61,65
64,60,177
46,24,124
0,0,131
12,38,148
30,56,71
79,93,184
3,13,128
27,93,63
62,67,181
33,39,97
86,82,117
93,20,161
82,87,181
37,57,53
20,54,177
33,47,103
67,75,185
49,13,170
33,80,73
81,51,95
58,86,185
19,12,108
71,88,183
40,21,52
57,12,181
67,59,68
31,9,153
89,24,180
75,36,156
57,25,122
75,50,60
63,48,99
104,25,181
19,52,148
43,12,160
89,38,168
74,53,48
6,67,127
11,78,127
42,93,180
54,3,183
24,41,104
53,8,179
43,13,159
90,25,171
80,38,102
94,54,163
61,16,159
9,44,176
54,89,186
35,72,89
35,38,81
45,73,181
87,4,148
25,83,54
58,78,183
57,58,182
69,3,165
19,38,127
9,18,130
67,90,182
43,92,184
59,81,183
56,13,178
103,49,180
108,34,150
34,54,65
93,53,138
4,24,143
32,53,88
18,21,102
69,21,183
107,36,184
98,46,187
87,22,162
18,3,157
70,69,177
35,7,110
41,56,140
2,73,151
87,38,160
1,80,70
71,2,170
76,46,116
60,14,182
28,83,57
10,59,78
12,8,98
82,36,140
11,35,144
54,82,182
11,42,137
52,28,113
101,10,177
42,89,180
78,43,88
69,47,64
77,91,184
26,52,143
70,1,149
104,5,161
80,85,182
88,60,60
58,4,183
104,70,100
104,48,178
38,45,77
74,7,161
12,79,141
27,76,94
40,92,179
30,6,160
60,73,186
33,48,125
38,41,51
100,84,88
71,45,52
45,1,178
77,0,146
32,62,63
93,78,143
59,33,133
42,17,148
51,1,163
5,2,144
95,8,184
76,57,50
19,30,139
54,39,118
98,7,178
8,57,118
74,59,55
12,77,143
101,80,62
9,27,146
17,34,130
63,57,186
93,44,178
39,36,57
94,32,173
79,4,154
16,13,134
89,66,96
22,42,121
80,25,148
59,20,170
33,4,138
85,17,185
33,12,155
66,30,53
7,32,127
87,16,135
96,41,177
60,84,186
101,81,68
10,8,136
76,33,165
47,31,60
21,85,140
33,68,94
68,48,89
43,17,155
30,72,70
98,91,156
59,65,184
2,1,153
58,28,118
72,18,188
80,54,87
30,78,96
78,57,66
29,60,81
57,65,181
23,8,105
85,41,108
81,36,119
0,80,71
3,93,150
50,35,132
107,39,191
102,11,171
65,35,94
81,30,158
93,75,122
25,18,122
54,17,148
73,0,159
67,36,71
0,76,167
54,92,183
43,90,183
82,21,160
30,10,146
6,21,135
3,89,117
20,72,145
20,40,135
84,64,80
105,38,180
99,2,132
81,28,142
28,30,112
79,5,147
99,72,99
3,37,158
101,44,184
77,71,43
6,76,138
11,24,122
2,10,138
105,23,185
35,55,61
78,2,161
17,65,135
71,64,109
43,68,176
91,22,153
84,17,181
29,11,144
72,93,184
50,7,172
61,57,186
70,5,157
83,2,169
25,30,106
57,46,111
10,32,171
72,74,85
29,56,79
24,61,188
10,61,117
71,73,151
5,23,147
76,83,184
41,48,105
15,59,139
8,55,124
90,59,120
85,76,121
70,5,157
62,92,182
39,76,175
64,52,66
52,67,180
34,45,66
15,76,152
1,79,60
40,65,150
36,29,69
24,73,136
13,4,106
77,64,67
24,50,167
0,30,117
107,17,176
96,32,178
19,48,126
68,26,186
29,45,145
32,25,139
40,40,50
15,54,160
18,14,109
85,78,163
83,28,171
20,28,109
80,38,102
26,67,141
1,62,135
29,72,72
65,55,120
45,21,113
28,61,142
102,47,183
51,14,158
82,54,75
87,62,53
100,52,194
59,59,184
84,36,168
90,82,136
11,14,137
102,88,75
88,26,176
12,64,88
24,27,135
92,13,184
47,90,180
12,71,156
59,82,182
24,4,149
85,35,177
20,77,135
13,63,83
0,23,152
3,87,120
7,50,157
1,54,169
6,89,130
15,54,160
11,19,144
58,38,101
28,84,59
46,14,183
37,69,55
1,88,160
20,68,118
7,85,125
107,5,162
53,58,181
33,22,180
66,32,65
25,46,102
71,78,184
66,46,101
29,63,124
33,27,122
48,62,179
16,71,140
6,26,146
33,31,52
66,46,101
79,55,95
12,29,137
43,5,186
23,8,105
63,3,190
94,11,166
52,39,161
79,5,147
66,70,177
104,27,177
7,34,135
6,14,127
4,33,126
21,46,99
24,32,117
97,81,81
64,3,186
36,28,96
91,12,185
105,50,180
34,4,129
65,86,182
96,17,162
53,56,181
91,39,180
38,66,49
83,5,169
23,49,137
19,84,143
93,62,113
66,46,101
7,84,123
2,5,155
96,76,93
22,84,142
41,76,179
30,71,59
74,57,50
45,49,171
17,7,127
5,44,180
8,8,173
89,52,125
60,79,184
23,1,175
8,30,86
43,43,44
62,44,118
37,64,49
46,60,180
26,60,178
73,35,128
83,89,181
50,56,181
107,78,119
67,1,184
83,43,89
73,17,184
36,45,59
63,20,159
51,38,172
89,71,58
102,85,78
87,80,78
32,62,63
86,60,74
108,62,162
35,4,139
9,31,155
1,84,126
92,58,110
71,71,177
82,4,153
85,31,158
12,60,83
33,36,101
68,1,162
14,37,134
5,53,113
69,77,178
102,54,188
9,89,124
16,84,123
82,87,181
105,79,73
45,78,176
10,29,137
94,3,169
100,1,152
77,19,149
31,46,156
20,85,143
25,36,124
32,17,165
70,64,98
1,30,125
97,38,163
38,79,182
86,41,134
44,65,179
3,57,143
81,7,150
53,48,177
89,28,179
106,32,178
47,39,164
64,34,102
62,15,179
84,11,149
26,22,65
108,49,163
92,3,149
22,57,182
37,16,190
43,1,173
88,63,57
23,82,122
100,26,188
84,51,83
5,21,138
67,10,181
0,27,167
88,49,133
37,68,57
36,46,54
75,5,164
21,61,179
100,70,79
105,66,132
17,61,158
28,83,57
88,55,121
13,72,154
63,41,105
51,69,179
25,59,176
73,70,113
28,93,82
104,14,183
56,50,186
80,65,63
106,77,103
108,34,150
56,56,183
57,23,115
50,34,125
81,66,73
57,20,165
62,37,112
104,84,71
108,69,161
44,24,90
4,65,95
43,89,180
1,38,171
69,38,54
36,19,153
108,12,157
54,29,94
19,60,170
10,52,148
42,11,156
99,38,179
14,23,146
23,76,137
2,69,139
74,23,184
82,83,184
23,10,92
24,43,103
9,91,118
11,34,148
1,19,129
7,79,110
91,28,181
43,13,159
42,76,179
74,5,163
27,69,51
79,70,50
98,63,122
77,23,156
28,10,130
3,54,137
18,86,84
83,16,170
58,11,190
96,1,170
93,71,111
88,15,145
86,68,79
102,71,70
0,73,173
20,7,132
81,29,153
63,0,180
95,81,130
97,52,161
40,3,178
75,81,177
63,34,110
53,75,187
48,76,184
24,45,119
16,89,133
81,61,66
51,39,172
17,25,129
100,57,133
94,53,162
85,71,96
4,49,125
15,30,118
57,45,77
22,43,119
2,20,128
32,12,153
0,56,159
56,10,155
97,74,94
26,50,114
69,64,86
89,66,96
45,32,68
96,84,100
12,82,157
82,15,170
55,55,185
60,11,188
42,2,188
4,53,133
17,13,116
57,55,186
48,52,180
86,67,66
82,30,169
55,79,183
68,48,89
15,35,127
18,30,116
35,62,65
1,58,152
21,52,169
82,91,186
24,3,159
58,93,186
3,68,129
102,44,177
50,50,177
47,12,170
71,13,183
12,52,161
51,66,181
63,42,104
74,16,181
104,11,184
82,9,150
80,39,85
108,73,153
7,64,134
75,28,139
12,84,154
22,80,128
8,76,119
66,22,173
36,29,69
91,90,181
41,25,77
13,35,125
15,61,146
53,64,176
39,86,180
98,77,90
62,0,186
10,63,143
87,38,160
52,1,174
11,23,121
65,52,60
90,66,116
28,54,107
52,22,135
34,82,158
68,15,183
75,89,184
31,38,122
87,52,109
27,71,66
9,40,132
21,88,119
73,67,91
103,91,98
69,35,52
72,73,90
101,86,83
66,59,89
32,23,169
34,30,60
72,1,173
22,3,150
68,45,102
54,86,183
91,3,158
53,28,76
50,75,182
103,85,69
72,0,155
62,81,181
47,1,157
22,53,177
56,84,182
2,11,134
65,66,186
35,50,67
64,65,181
72,23,149
95,2,168
54,12,175
49,87,181
11,84,119
102,47,183
84,57,77
80,87,180
94,39,173
50,88,182
104,47,169
46,53,176
44,63,180
42,49,98
50,87,184
55,17,151
78,11,172
81,58,73
91,42,175
13,1,122
4,87,110
77,44,105
46,84,178
65,80,187
52,41,127
78,26,146
106,41,171
19,19,115
91,44,161
62,87,183
91,47,167
107,45,158
26,5,152
92,27,170
18,4,148
24,13,110
17,42,138
46,42,148
54,1,183
64,25,107
32,48,158
59,18,143
14,47,154
29,51,100
81,47,95
76,81,179
31,93,129
83,18,167
76,42,123
97,44,185
24,67,107
94,5,180
68,79,183
67,78,183
104,18,174
84,67,94
15,86,124
2,70,141
86,51,99
88,62,53
2,81,89
69,11,189
104,77,65
49,84,177
75,12,186
22,41,120
108,41,181
64,44,110
42,22,66
70,79,192
40,77,179
61,6,182
44,51,171
6,50,121
68,37,66
68,63,75
79,27,129
47,41,163
52,41,127
22,85,142
23,63,178
86,28,187
65,15,186
92,56,130
8,23,152
68,29,100
16,47,130
28,47,95
85,26,172
38,3,172
1,66,133
19,78,143
50,76,183
17,90,129
86,47,129
74,6,157
102,64,163
89,83,139
54,22,109
58,83,183
38,30,55
105,52,188
41,1,190
50,10,153
99,77,87
79,18,180
83,7,163
66,68,181
67,19,191
27,21,115
47,91,181
28,36,143
66,60,98
67,0,178
34,56,66
83,2,169
92,77,135
55,33,44
14,43,146
91,84,186
106,89,105
92,54,141
30,4,141
102,84,74
10,63,143
32,25,139
11,62,88
18,30,116
106,88,115
15,79,149
64,63,185
73,87,181
76,71,64
10,7,137
29,90,76
20,63,155
24,25,136
26,10,112
49,10,152
80,50,95
88,51,132
92,29,179
47,48,179
66,82,181
72,83,186
86,44,136
21,52,169
26,32,99
27,64,161
18,6,146
26,32,99
12,66,84
100,12,171
99,79,96
45,33,75
18,52,161
78,86,181
8,83,112
59,56,183
81,79,163
76,62,54
21,61,179
62,65,180
78,78,62
69,31,55
82,64,85
84,79,173
87,87,180
0,14,151
65,81,184
60,63,181
44,89,181
69,75,184
45,64,178
18,75,143
9,69,139
6,45,177
29,73,84
55,53,184
9,20,105
76,77,61
14,33,133
86,0,190
26,23,71
33,8,139
16,81,154
12,82,157
49,26,126
51,37,166
43,76,180
17,47,129
94,29,178
64,30,68
104,55,180
45,29,76
61,71,184
42,83,179
7,23,142
34,18,154
67,81,179
92,32,182
76,86,185
86,9,164
7,12,160
50,73,182
6,57,124
3,13,128
65,88,179
61,20,143
91,90,181
50,16,76
93,85,187
29,66,134
56,7,192
22,61,177
20,15,94
17,19,134
48,61,181
64,14,175
14,60,145
99,13,175
9,50,174
7,19,121
34,70,89
70,52,64
88,90,180
104,13,186
8,34,135
82,54,75
65,0,192
15,69,138
63,36,103
43,22,97
2,53,143
91,13,181
80,74,75
46,68,180
32,37,112
19,30,139
49,74,181
75,21,180
68,12,185
65,63,180
86,15,127
90,35,187
35,38,81
19,85,129
50,43,163
26,40,118
65,58,131
90,73,64
47,25,139
50,23,118
19,81,143
96,17,162
48,29,99
14,4,131
76,51,78
102,56,187
73,41,147
85,74,60
93,26,180
35,29,68
30,86,63
15,15,117
67,64,132
9,42,149
103,37,176
77,25,162
5,79,110
37,50,99
10,39,146
63,77,183
108,41,181
67,13,192
85,16,163
48,58,177
95,60,134
15,71,135
56,47,146
18,62,163
68,56,60
29,21,131
59,2,164
91,11,186
64,85,184
84,88,180
32,81,83
33,18,157
73,56,53
2,16,68
51,64,179
61,92,179
100,59,104
45,29,76
99,82,91
105,84,86
59,86,185
93,79,159
4,3,150
23,52,177
45,12,168
48,93,185
70,75,177
36,61,51
57,54,187
8,64,116
15,1,122
44,77,178
78,79,128
39,18,140
5,29,77
72,19,184
69,2,160
19,22,104
32,85,105
103,79,50
57,49,161
85,14,132
56,22,107
17,9,118
66,41,91
78,33,132
43,49,99
60,45,102
104,52,183
84,8,165
74,82,184
24,13,110
82,33,157
52,34,69
56,15,188
33,0,167
72,64,101
60,22,172
104,48,178
84,8,165
24,68,101
4,14,103
88,38,162
85,20,168
43,89,180
42,56,163
28,1,180
59,29,114
6,19,113
92,27,170
7,49,177
41,35,63
85,28,183
78,62,63
37,61,36
37,63,44
73,9,153
49,2,161
77,57,58
62,81,181
9,71,150
77,6,170
95,90,184
88,88,184
96,58,124
22,57,182
14,7,114
66,6,183
6,26,146
15,83,137
24,41,104
54,22,109
42,57,170
99,35,177
17,79,142
61,7,186
63,12,181
41,93,179
39,7,159
52,30,95
35,65,62
80,61,53
7,30,88
23,29,102
83,79,192
76,53,61
86,31,160
82,21,160
49,66,181
72,29,183
104,63,101
57,70,184
36,3,160
17,69,159
50,0,150
102,69,72
102,12,171
83,15,163
24,20,103
43,28,65
35,76,112
38,1,180
77,45,114
2,77,151
75,28,139
49,27,121
49,59,176
63,19,165
74,25,151
68,0,148
12,53,138
81,14,182
31,50,116
54,11,169
104,74,70
74,85,187
87,24,175
104,63,101
99,28,179
18,3,157
86,75,68
72,63,75
23,62,180
36,82,181
103,19,164
88,73,71
93,34,187
100,67,81
66,27,93
99,87,84
80,87,180
28,16,139
48,83,181
88,51,132
47,90,180
19,30,139
102,77,69
5,51,72
44,47,125
59,52,174
5,18,63
23,78,113
49,80,180
33,57,62
74,27,156
14,84,131
62,14,183
36,50,64
53,10,190
94,62,124
37,70,67
104,86,70
27,92,58
36,84,174
90,78,113
34,4,129
15,32,138
26,64,182
10,92,123
88,71,56
37,39,50
13,52,176
76,35,173
39,33,66
93,15,181
63,13,178
100,62,108
48,89,181
71,42,57
53,39,131
69,92,182
8,13,147
63,35,107
104,35,188
59,53,187
27,69,51
44,19,119
31,41,133
95,26,175
95,9,182
80,31,156
84,91,183
64,84,182
2,57,152
95,42,186
107,89,112
19,15,88
5,27,150
36,2,168
56,87,181
2,89,141
14,11,120
19,77,143
57,74,186
91,25,162
54,34,65
82,22,169
44,13,165
75,77,87
14,75,151
25,33,114
52,84,184
85,53,62
78,3,162
38,92,180
107,8,158
51,48,169
55,35,75
100,51,188
0,41,155
102,68,74
0,41,155
34,83,166
70,72,191
11,34,148
43,20,93
53,89,186
37,91,182
36,62,54
81,81,180
92,83,183
99,43,187
85,10,164
65,68,180
77,41,102
57,60,181
88,7,156
41,30,70
29,52,95
84,82,187
23,11,78
89,71,58
1,86,128
66,28,69
91,79,160
19,86,116
29,92,88
14,86,147
17,11,108
39,19,104
45,89,183
105,17,184
49,33,103
14,3,132
0,14,151
71,29,188
76,59,53
86,75,68
18,89,105
102,1,179
74,73,62
85,29,183
88,76,81
92,52,148
51,33,107
37,79,185
70,35,54
89,10,162
100,66,95
73,5,165
38,14,179
91,52,170
101,64,132
105,17,184
38,48,97
25,74,107
57,33,94
91,43,168
67,66,165
90,32,192
70,80,187
106,86,123
44,72,180
50,11,129
8,34,135
33,29,70
79,88,183
53,87,184
57,26,123
37,25,83
58,89,182
37,67,55
45,33,75
58,46,101
43,39,78
24,81,88
108,87,110
73,42,146
60,11,188
70,41,45
87,10,156
31,6,151
54,5,185
78,70,50
80,1,121
34,4,129
11,59,84
34,54,65
102,59,113
50,31,124
92,74,122
47,57,175
90,89,187
60,60,185
56,51,182
81,4,160
104,59,140
60,66,187
74,25,151
34,59,55
50,16,76
5,19,90
35,88,178
89,2,177
33,20,176
34,60,56
102,90,84
67,12,183
94,90,186
67,91,183
61,50,33
29,1,157
11,48,154
12,79,141
37,71,85
77,15,183
89,49,160
48,38,148
94,69,97
4,63,121
75,5,164
46,77,177
95,36,178
79,27,129
44,65,179
21,39,128
15,76,152
53,29,76
61,54,185
70,26,186
54,85,184
84,1,155
78,33,132
55,93,184
33,16,146
64,29,67
8,60,129
19,25,91
93,45,174
74,35,153
85,72,80
95,74,100
7,80,109
18,87,82
12,36,120
29,84,63
0,49,131
91,53,163
70,1,149
13,17,146
93,54,133
44,38,101
17,45,140
10,60,96
57,87,181
105,82,91
15,20,138
80,74,75
35,58,58
0,56,159
61,3,171
37,17,196
56,5,190
57,21,145
96,92,178
36,73,106
83,34,161
1,30,125
1,78,94
100,55,175
80,61,53
6,17,81
9,62,149
16,47,130
79,72,46
92,79,173
93,65,123
69,53,69
3,45,172
70,42,47
86,4,157
37,58,50
51,55,181
60,55,182
87,74,72
85,24,173
74,60,51
102,59,113
98,27,165
60,73,186
41,76,179
92,9,177
5,70,114
31,17,136
7,62,138
42,28,68
83,48,85
64,25,107
92,91,181
35,16,152
63,41,105
46,54,179
18,88,110
90,41,169
9,9,165
13,7,92
93,14,175
74,5,163
67,10,181
15,58,135
89,49,160
78,11,172
102,73,55
59,66,184
73,82,184
6,39,149
18,45,145
22,84,142
41,67,170
15,39,124
82,29,166
14,34,135
42,10,158
21,76,126
52,10,195
18,90,112
55,30,80
24,30,104
46,9,184
70,48,57
15,24,151
91,61,121
97,60,118
23,59,181
57,7,196
104,34,194
64,84,182
27,74,114
9,44,176
103,17,174
18,86,84
82,77,129
66,93,181
0,47,135
102,76,65
64,88,181
1,73,170
32,21,162
26,9,102
79,43,87
19,50,111
36,32,40
70,73,183
66,23,174
68,78,183
32,46,144
103,37,176
52,10,195
49,26,126
104,13,186
43,13,159
83,26,182
49,17,122
59,40,61
46,69,179
56,47,146
80,15,174
39,73,178
22,69,139
77,26,159
2,19,115
96,86,108
100,62,108
80,66,83
6,83,120
10,59,78
98,79,99
47,60,177
49,75,182
98,67,98
101,35,180
74,20,194
82,87,181
46,50,173
61,52,121
42,3,187
32,79,91
66,21,174
43,45,65
39,44,99
92,20,164
1,60,154
39,6,170
34,36,89
33,77,68
66,93,181
101,76,66
6,8,173
96,13,178
76,29,120
72,5,170
79,44,97
29,63,124
106,84,102
73,37,147
89,92,182
2,37,168
78,93,185
60,48,82
44,82,181
11,81,150
30,52,92
42,19,76
46,49,176
75,62,52
62,24,119
66,82,181
10,5,133
1,79,60
21,52,169
104,38,178
26,18,126
25,37,119
40,23,64
71,87,181
27,64,161
103,41,168
16,26,132
8,74,109
72,11,167
0,75,177
11,18,144
96,37,158
101,27,185
77,50,104
79,92,183
30,18,142
71,58,48
15,36,128
75,1,161
99,57,121
103,26,168
99,36,178
34,92,179
108,10,158
96,50,181
29,2,162
21,5,115
33,77,68
28,46,102
70,78,189
7,57,116
5,71,111
19,78,143
83,69,82
51,83,181
84,75,93
33,31,52
99,43,187
66,7,185
4,14,103
52,14,148
0,18,166
94,49,164
20,20,111
65,86,182
7,79,110
107,40,183
102,86,74
76,77,61
16,35,130
56,8,185
1,77,143
42,12,157
70,77,186
26,89,61
46,26,128
46,34,100
35,56,68
92,90,181
71,13,183
26,92,67
19,86,116
80,2,136
4,51,105
38,63,60
82,8,142
36,26,113
40,78,176
17,74,147
62,79,186
66,15,190
84,65,88
69,77,178
36,60,49
78,26,146
107,30,181
64,76,182
63,40,108
15,68,134
43,85,181
71,15,189
18,15,119
0,9,175
12,23,109
12,80,140
21,48,91
73,8,157
49,48,172
27,14,137
13,52,176
84,76,130
61,36,118
87,64,51
90,65,114
108,86,111
92,91,181
21,81,142
10,27,130
65,37,84
19,52,148
105,47,174
17,72,147
96,72,110
60,28,124
28,12,126
95,8,184
26,36,123
26,31,117
104,9,183
108,45,159
13,52,176
40,19,66
22,26,107
8,2,155
84,42,82
19,6,146
66,21,174
21,4,121
72,81,176
12,8,98
90,15,161
33,53,67
53,68,181
80,24,163
98,88,104
60,3,170
100,42,176
71,82,183
55,38,132
53,50,181
85,80,132
18,16,125
1,64,122
86,1,179
100,33,176
71,92,185
38,12,179
66,50,67
80,8,154
52,43,134
53,25,99
22,50,118
24,51,180
72,10,151
13,59,137
102,93,96
69,25,169
74,3,173
96,80,91
100,62,108
11,19,144
108,56,161
43,14,157
44,81,180
86,66,65
46,23,122
14,2,126
0,78,82
61,79,185
97,23,168
100,11,175
9,46,172
13,15,135
53,38,143
72,29,183
25,15,123
85,80,132
67,86,181
76,69,57
79,49,104
64,93,183
9,56,108
64,57,181
43,61,174
5,28,96
50,22,124
76,28,119
2,40,169
48,60,181
15,5,127
45,12,168
59,9,190
51,66,181
33,52,73
42,66,178
104,57,190
6,34,130
32,93,161
69,77,178
70,87,181
90,64,109
105,64,119
56,53,186
69,66,107
40,21,52
70,72,191
13,7,92
104,90,81
98,89,124
33,91,167
92,69,106
32,43,105
43,80,181
99,44,188
37,9,117
44,78,181
18,55,186
87,79,91
101,32,189
59,8,190
80,69,74
44,36,91
53,80,177
67,19,191
95,59,130
8,86,120
91,36,195
105,92,103
53,86,185
11,71,146
15,41,147
104,27,177
38,74,176
80,57,85
12,2,109
39,88,172
85,7,171
95,74,100
80,85,182
50,68,176
31,58,59
42,25,71
8,77,145
65,41,92
71,82,183
26,91,62
107,38,189
46,37,152
98,81,91
77,69,56
73,23,157
53,77,183
18,86,84
58,45,75
91,59,119
33,11,147
17,81,156
40,45,98
32,52,89
21,50,90
91,13,181
3,59,135
11,66,82
12,61,61
96,43,187
91,37,191
93,53,138
105,22,183
1,79,60
100,10,180
32,67,106
23,72,139
47,29,102
66,12,182
64,72,186
38,2,175
75,6,157
92,34,186
101,63,128
64,74,182
23,46,119
64,62,184
84,77,166
74,1,170
40,93,179
12,65,82
13,61,105
85,78,163
12,54,128
21,11,99
51,11,148
58,12,187
104,63,101
93,36,180
30,61,69
37,34,41
92,5,171
90,4,187
26,30,128
71,91,182
97,27,165
7,75,109
23,11,78
85,33,170
8,12,164
103,75,49
94,65,116
61,67,184
71,40,49
42,59,183
55,33,44
50,16,76
51,48,169
41,38,56
3,91,121
2,65,118
27,78,72
76,49,102
43,90,183
46,32,56
3,56,147
81,50,89
107,20,167
88,59,70
51,92,183
103,39,166
37,62,41
62,88,183
29,18,144
102,70,76
65,56,121
55,80,185
55,79,183
54,77,183
7,62,138
59,93,184
11,53,129
14,33,133
8,21,114
62,33,118
108,2,149
26,3,162
76,59,53
83,87,181
106,43,145
23,18,134
101,1,175
90,34,187
19,37,122
43,79,184
39,34,72
66,86,181
98,15,178
12,15,156
22,33,127
50,56,181
81,71,94
68,75,183
24,23,132
20,84,144
31,74,73
16,22,132
106,46,173
5,29,77
6,4,153
74,64,72
4,88,117
65,21,176
38,49,126
3,20,121
107,65,144
32,35,108
22,36,130
73,72,87
101,34,181
96,12,183
75,64,73
56,55,181
27,58,159
65,65,190
84,63,74
8,16,117
63,27,84
75,22,182
66,62,126
57,76,183
103,92,103
70,27,183
52,85,186
59,11,188
63,0,180
98,23,174
35,19,177
59,41,60
4,60,148
34,79,82
16,19,142
75,53,42
2,36,157
77,9,166
61,25,131
46,69,179
15,36,128
54,83,184
22,67,135
9,92,93
53,28,76
96,29,180
41,80,179
101,61,110
64,19,181
78,88,184
80,62,59
101,76,66
93,17,178
46,51,171
80,41,86
52,67,180
18,20,121
105,35,190
44,11,168
0,93,142
27,71,66
20,84,144
71,5,155
3,10,152
14,45,113
68,5,186
66,9,179
3,81,84
21,20,127
82,57,71
38,80,185
5,30,98
108,13,159
72,90,181
27,34,113
105,21,179
8,33,129
61,37,126
46,32,56
10,43,154
68,34,59
73,66,85
69,36,55
69,67,131
63,29,82
102,5,175
66,92,182
96,80,91
89,33,185
45,78,176
98,60,112
73,69,129
74,65,77
50,69,179
6,13,146
24,86,95
24,3,159
90,52,154
53,29,76
55,54,184
62,7,181
13,0,128
35,26,134
18,65,125
41,85,179
97,89,160
58,5,190
7,79,110
49,59,176
56,34,56
83,26,182
27,5,155
79,30,133
34,47,65
86,27,180
91,68,97
32,47,151
28,47,95
98,16,171
39,85,183
39,32,63
70,7,165
59,75,186
74,71,69
79,55,95
98,92,163
24,45,119
99,91,107
74,81,175
87,16,135
76,57,50
59,2,164
26,25,114
18,82,146
79,58,59
91,16,171
48,40,169
25,40,114
103,0,156
68,20,186
56,32,64
37,61,36
75,54,36
52,2,172
76,76,49
87,41,158
15,40,132
108,8,167
25,74,107
35,91,179
88,12,163
89,71,58
77,72,51
96,20,164
16,77,153
69,70,185
101,11,174
47,23,140
17,80,157
24,34,129
18,80,143
70,89,180
48,71,178
31,56,52
35,89,177
16,55,183
37,71,85
50,46,170
24,31,112
28,33,117
26,10,112
25,10,106
58,22,172
10,50,159
49,23,114
3,8,163
107,93,71
42,74,184
87,73,81
70,78,189
16,31,123
17,69,159
85,32,167
38,22,66
71,9,155
0,61,145
2,47,115
47,74,177
83,67,97
61,83,181
12,22,118
85,81,139
23,56,171
13,19,149
58,64,182
28,27,120
59,72,186
74,31,175
63,84,185
75,91,184
42,79,178
53,44,156
19,75,139
57,68,184
81,35,118
13,22,132
70,33,60
104,27,177
99,81,93
69,43,70
99,6,171
102,30,190
80,85,182
5,49,141
6,60,138
75,36,156
35,17,143
82,72,79
38,37,40
81,46,95
97,82,81
72,0,155
19,1,133
29,33,112
76,17,166
52,88,184
34,67,90
108,54,184
80,43,86
1,46,120
81,5,172
33,39,97
102,53,184
7,15,113
29,35,128
18,60,176
81,12,165
87,15,142
100,83,80
4,49,125
57,41,66
67,80,178
87,49,131
95,59,130
34,18,154
73,51,42
95,79,118
74,50,35
94,35,188
16,17,128
31,57,55
30,53,90
73,69,129
89,93,182
33,81,93
97,21,171
76,0,141
108,47,165
4,84,129
6,67,127
36,80,169
57,57,184
107,28,187
1,3,154
7,0,143
56,24,106
70,43,48
52,38,169
9,66,121
103,15,176
66,15,190
95,36,178
21,92,154
0,64,118
35,91,179
45,79,177
1,77,143
69,26,175
19,56,185
42,62,177
39,27,69
50,49,172
96,71,122
85,74,60
64,5,184
8,10,170
38,50,141
93,80,176
17,4,154
100,77,75
2,28,168
16,38,130
46,43,151
71,56,51
37,37,46
92,37,185
85,93,186
32,86,117
37,84,181
29,65,133
21,70,132
42,70,177
98,45,184
84,48,85
83,89,181
15,7,127
25,24,119
75,8,156
68,86,181
80,93,184
94,79,141
60,27,143
49,24,116
23,62,180
34,25,134
30,3,140
12,9,111
85,68,84
1,33,135
58,80,184
76,67,84
37,62,41
32,33,82
79,26,136
76,20,163
102,85,78
24,9,108
96,77,81
5,41,169
55,55,185
97,24,158
44,49,139
52,26,120
105,24,187
91,56,104
71,33,65
79,22,161
65,8,175
75,93,187
103,40,163
83,53,82
61,11,181
46,66,176
92,12,181
37,9,117
107,62,154
15,34,127
71,77,185
79,35,118
13,7,92
88,42,165
99,57,121
37,45,63
58,83,183
68,63,75
3,30,141
2,48,117
75,79,175
6,51,85
12,76,152
79,86,180
87,45,156
67,17,189
22,31,117
62,70,181
85,18,187
26,27,135
12,0,90
75,66,89
59,27,146
92,67,107
1,46,120
89,13,160
59,59,184
58,65,180
16,25,140
7,13,140
80,51,93
106,38,187
98,90,145
5,5,159
51,41,159
100,71,89
92,26,171
82,20,167
99,78,92
101,23,172
37,56,52
42,20,66
40,66,150
49,22,117
3,58,135
100,53,197
66,55,79
87,69,63
23,73,150
14,4,131
8,53,150
29,92,88
46,8,180
103,31,191
91,56,104
54,21,116
26,78,108
65,13,189
64,40,100
21,55,176
103,1,169
103,34,191
60,37,134
102,30,190
101,4,153
57,63,178
93,79,159
73,73,69
39,47,100
34,44,67
6,64,118
43,3,186
91,84,186
87,65,60
101,25,178
2,1,153
19,63,160
29,26,95
43,23,97
28,41,155
9,26,154
96,3,173
78,89,183
104,60,113
77,62,58
0,8,184
47,42,163
95,36,178
88,27,179
90,85,174
98,90,145
63,93,185
44,74,183
96,92,178
75,4,170
76,7,153
108,70,158
83,30,176
38,34,61
23,88,82
68,33,54
73,69,129
41,82,178
57,16,172
33,44,74
4,93,114
35,91,179
35,31,38
96,24,159
50,26,143
61,69,180
11,18,144
104,4,147
94,44,192
101,69,57
88,31,185
82,31,168
100,93,79
98,90,145
24,39,110
78,35,141
15,90,157
60,1,167
5,52,90
45,77,176
66,83,181
48,14,190
84,78,176
77,77,50
106,80,64
66,74,180
102,35,189
26,79,107
44,88,179
59,76,185
56,90,183
88,3,159
4,2,148
77,52,107
95,11,175
106,29,182
82,39,115
71,47,61
74,82,184
21,11,99
48,15,185
36,56,62
74,42,149
68,33,54
102,31,188
59,83,185
74,88,185
102,64,163
38,82,183
51,74,181
48,30,78
86,49,105
21,46,99
52,87,185
29,32,88
79,21,159
75,66,89
55,66,183
90,87,186
29,62,122
33,28,92
30,26,75
85,92,185
78,8,166
78,23,150
77,18,156
31,11,152
40,8,181
95,9,182
36,44,63
19,62,164
108,89,105
76,72,58
55,67,182
71,5,155
67,67,178
101,31,190
97,84,73
68,78,183
50,59,177
67,16,186
102,11,171
21,7,117
15,28,102
25,67,115
48,56,178
3,68,129
62,81,181
43,86,180
103,8,188
63,52,82
95,48,174
104,89,69
3,48,133
26,18,126
74,62,48
39,12,172
67,47,95
9,33,158
31,83,88
79,73,48
90,48,174
36,66,57
41,12,163
90,87,186
51,76,182
104,29,183
15,31,133
33,61,51
15,34,127
48,1,155
33,53,67
68,21,183
18,83,135
8,89,117
97,86,76
78,20,153
3,33,127
42,12,157
72,61,48
37,88,183
57,75,185
12,1,101
53,29,76
53,92,182
42,51,147
94,66,104
23,74,155
107,1,155
44,65,179
32,14,152
108,56,161
62,60,184
40,34,75
71,23,171
42,12,157
40,19,66
55,35,75
70,10,184
30,30,81
42,44,59
100,41,175
82,35,139
61,90,181
15,31,133
31,89,113
27,41,129
68,14,188
9,73,132
73,18,180
45,12,168
62,57,182
40,48,118
64,62,184
1,57,153
90,64,109
77,64,67
0,80,71
18,88,110
80,38,102
72,48,52
6,88,123
17,33,121
68,25,178
53,5,181
60,78,183
58,8,196
47,68,174
32,39,118
38,69,78
83,78,181
17,72,147
36,31,42
32,82,90
8,7,159
20,21,114
53,16,113
92,15,194
54,57,181
62,31,105
82,25,177
19,46,129
67,92,183
99,29,181
11,28,138
49,18,139
89,82,115
22,85,142
33,35,104
68,73,180
84,40,91
29,37,163
86,56,58
19,88,113
96,61,131
89,17,149
78,2,161
21,32,113
28,77,78
42,7,176
16,77,153
1,93,153
47,74,177
24,76,139
99,19,171
97,72,103
39,57,84
57,31,104
3,76,150
48,27,135
43,9,172
107,56,155
80,65,63
83,15,163
9,52,164
75,66,89
61,69,180
72,33,119
44,13,165
20,90,123
33,70,74
28,3,176
98,10,167
45,93,182
28,22,127
17,82,150
6,58,136
78,26,146
12,46,141
100,67,81
82,81,179
48,75,182
77,12,169
80,47,104
92,32,182
38,14,179
102,90,84
25,32,108
33,66,113
95,89,181
22,16,121
44,21,109
88,40,164
34,12,147
13,64,75
0,13,157
39,11,174
95,33,180
53,88,185
80,37,120
26,69,47
84,79,173
24,18,129
83,13,157
43,86,180
89,92,182
56,52,180
69,37,56
90,93,183
93,43,179
81,17,180
19,2,148
14,81,146
89,20,148
37,39,50
29,12,146
83,30,176
14,19,144
61,28,114
83,92,182
31,35,111
100,61,107
85,83,172
36,38,61
18,52,161
77,83,184
87,67,48
6,13,146
74,11,167
19,13,96
63,34,110
29,1,157
13,7,92
76,55,48
21,22,118
45,75,178
16,59,153
49,41,163
38,15,177
46,42,148
17,36,121
91,31,171
87,92,186
90,52,154
57,91,185
45,77,176
53,1,182
57,12,181
16,13,134
28,36,143
0,26,169
84,28,177
72,69,179
103,62,118
53,35,84
6,74,123
36,76,148
66,77,182
99,74,84
99,19,171
6,62,142
55,39,127
80,84,180
53,79,181
54,24,106
39,87,176
104,60,113
15,9,121
59,38,118
67,76,191
95,31,178
78,74,40
75,7,155
67,87,182
67,24,178
71,84,185
70,38,49
44,65,179
106,38,187
11,10,129
6,92,85
84,75,93
31,36,119
67,3,189
50,5,167
5,10,174
77,24,161
59,88,181
22,70,140
18,32,74
42,89,180
24,62,183
68,76,186
2,83,126
98,90,145
49,91,182
66,62,126
101,22,178
76,91,184
75,40,140
84,92,184
51,84,180
3,73,127
27,10,124
4,42,173
11,49,152
5,24,145
29,73,84
77,70,52
87,77,112
18,73,139
97,48,195
8,18,124
49,11,144
54,33,74
104,27,177
67,4,186
73,82,184
43,73,183
6,15,113
34,80,97
59,60,187
79,28,126
97,40,174
70,14,185
64,48,106
83,22,166
63,70,181
82,49,79
42,78,177
47,0,148
34,37,93
55,84,182
87,14,150
38,33,67
9,39,139
57,38,88
19,64,139
2,55,149
45,75,178
102,90,84
20,46,107
104,64,108
84,52,74
86,41,134
37,29,77
37,5,158
103,67,131
42,33,60
75,64,73
33,91,167
92,90,181
32,35,108
2,42,175
104,22,185
92,79,173
87,67,48
86,31,160
97,40,174
108,72,150
83,10,156
2,36,157
88,85,160
42,63,176
62,33,118
83,92,182
83,6,175
94,34,187
37,0,171
82,16,183
32,53,88
8,62,144
56,69,182
17,79,142
81,59,78
64,46,109
101,59,98
17,65,135
62,73,182
44,7,186
94,14,158
80,57,85
63,69,183
101,41,176
71,68,170
103,51,189
94,19,174
56,3,191
9,80,139
50,24,128
49,6,169
49,9,171
13,46,139
77,56,59
55,60,187
61,92,179
36,8,115
83,33,164
88,24,187
40,7,173
107,54,182
53,53,180
43,16,150
13,62,92
100,78,76
11,14,137
45,21,113
44,65,179
10,81,148
26,13,148
54,23,108
55,64,177
93,85,187
83,8,158
43,24,81
64,56,175
103,70,95
87,51,118
19,64,139
85,74,60
63,30,89
96,77,81
54,65,180
97,7,168
101,76,66
85,71,96
21,88,119
108,49,163
20,34,83
31,14,167
50,56,181
63,14,172
87,26,185
34,24,141
75,75,44
8,37,136
98,35,177
39,72,160
88,30,188
92,38,189
88,40,164
53,68,181
44,74,183
14,54,162
21,28,102
107,68,153
77,31,122
58,3,175
78,76,48
85,66,79
73,29,190
2,2,158
65,53,91
42,74,184
11,27,123
101,58,118
67,35,75
43,57,179
61,50,33
20,34,83
62,79,186
108,22,176
19,10,123
11,73,154
66,0,194
33,23,161
5,1,151
24,54,165
102,52,184
12,29,137
2,89,141
106,31,177
92,62,96
10,67,95
67,49,81
68,54,60
57,34,101
95,34,182
28,47,95
50,76,183
33,7,135
17,52,178
96,53,130
99,43,187
56,63,184
40,60,137
33,92,171
107,0,155
50,42,165
97,2,168
54,30,87
53,8,179
95,38,176
94,91,186
101,50,184
63,90,185
58,85,186
78,11,172
104,46,158
70,0,133
62,71,182
31,66,130
35,44,67
76,84,179
98,33,175
4,4,159
10,5,133
13,46,139
91,19,170
27,28,131
23,54,181
44,23,107
12,14,137
79,73,48
13,84,154
63,21,148
92,10,177
97,80,76
14,59,135
89,31,195
72,92,183
101,73,64
18,50,128
73,63,58
42,40,46
82,37,137
97,54,125
79,52,81
30,62,89
94,79,141
46,35,135
67,54,60
32,4,154
25,70,78
88,27,179
34,19,176
32,18,149
95,50,172
62,31,105
13,18,148
30,3,140
31,55,64
47,71,184
21,84,138
75,10,174
75,65,86
86,8,166
101,18,181
10,41,133
67,57,74
23,62,180
40,12,171
53,4,182
15,57,148
88,20,137
94,29,178
32,62,63
94,17,181
62,44,118
43,9,172
58,73,187
24,24,130
99,52,195
27,63,163
74,21,190
81,6,167
34,42,75
81,32,159
8,28,111
6,37,123
29,39,174
16,92,159
61,83,181
91,73,97
75,4,170
93,10,164
42,74,184
9,59,101
69,75,184
93,60,127
97,26,165
36,24,119
105,17,184
80,22,170
44,33,73
40,67,153
25,15,123
23,28,109
82,12,158
7,25,141
5,41,169
103,57,189
19,79,142
84,71,83
79,49,104
6,6,160
94,11,166
76,72,58
18,73,139
39,30,48
52,4,179
62,15,179
63,43,116
32,36,107
80,14,181
44,69,180
66,72,180
76,93,187
35,81,167
71,69,180
55,33,44
3,47,137
33,48,125
70,10,184
68,12,185
28,0,174
75,44,135
38,47,61
2,87,130
65,13,189
17,75,148
43,83,181
37,10,132
33,72,68
78,66,78
74,40,148
28,67,124
13,14,126
44,66,181
67,70,179
43,21,96
96,25,166
23,50,150
64,17,177
58,19,170
66,89,180
51,80,180
105,47,174
25,42,109
57,8,192
64,90,186
36,44,63
96,7,174
44,60,178
1,29,143
105,31,186
62,52,99
0,19,156
74,19,187
94,37,176
30,59,54
39,36,57
5,93,79
9,61,140
82,25,177
7,50,157
75,0,148
72,36,84
73,21,174
13,50,182
96,62,123
8,93,67
14,2,126
92,39,194
28,53,110
67,21,179
16,78,151
102,86,74
51,13,175
92,21,157
65,91,184
6,93,68
38,49,126
62,19,149
46,8,180
9,9,165
66,13,192
19,9,136
4,58,130
101,91,82
14,27,115
89,70,67
6,8,173
78,12,162
8,67,138
95,36,178
101,41,176
77,82,189
63,54,179
15,46,129
54,78,182
13,43,151
65,52,60
100,7,159
73,32,179
67,62,84
23,31,113
107,61,146
69,69,179
24,36,125
86,66,65
78,89,183
51,72,182
55,0,175
54,60,185
103,89,81
63,45,112
20,51,124
24,61,188
22,18,151
65,34,94
101,49,188
60,68,184
65,88,179
96,80,91
78,80,174
78,17,175
29,65,133
97,34,176
81,16,183
63,34,110
75,48,68
27,72,86
10,79,147
86,23,180
19,53,175
70,61,63
79,92,183
67,28,101
102,86,74
50,39,165
102,2,181
2,82,112
75,89,184
35,51,76
72,62,61
1,39,169
25,76,132
7,43,172
86,72,81
9,63,149
55,54,184
58,57,181
20,62,161
19,47,127
57,3,182
80,47,104
47,26,144
1,66,133
31,48,150
58,81,182
51,13,175
91,72,94
22,49,114
31,81,100
98,19,153
35,87,176
49,10,152
25,21,75
51,59,180
34,38,100
86,18,173
29,20,129
75,7,155
91,55,123
36,36,51
28,64,140
43,31,76
27,27,130
46,69,179
50,86,184
44,22,110
59,85,187
4,74,124
70,25,185
28,4,171
102,5,175
91,70,98
14,69,133
96,11,184
27,23,83
68,40,70
56,11,154
8,25,145
54,24,106
41,22,41
86,34,163
76,35,173
82,61,83
85,62,59
72,15,191
60,28,124
53,90,185
99,61,105
82,4,153
7,61,135
79,15,171
107,12,164
40,17,144
65,39,87
33,29,70
23,58,181
24,12,101
41,42,53
108,16,167
3,41,173
77,35,164
27,34,113
84,29,176
1,86,128
52,58,181
32,29,72
11,9,121
98,61,103
4,41,170
104,79,61
3,62,125
52,49,175
107,5,162
94,56,142
18,42,134
15,16,94
18,91,129
108,62,162
9,88,122
84,27,180
97,41,173
95,52,155
32,35,108
54,59,183
49,29,88
2,59,150
81,92,189
39,57,84
98,34,177
2,1,153
97,67,105
36,70,63
62,5,172
94,76,117
107,77,136
96,7,174
16,49,142
30,60,55
40,92,179
86,64,52
58,89,182
18,88,110
63,43,116
32,36,107
16,45,126
11,33,151
68,4,183
48,36,152
88,52,138
67,5,184
41,44,79
101,67,69
27,17,136
66,50,67
82,13,171
95,93,181
77,17,171
85,17,185
92,54,141
69,25,169
36,14,187
6,92,85
20,25,94
36,82,181
90,51,158
9,15,130
18,5,156
86,68,79
83,52,81
71,7,157
15,43,135
37,8,112
71,76,169
17,47,129
68,33,54
5,10,174
76,46,116
98,33,175
94,27,181
22,67,135
90,85,174
41,39,53
58,30,119
37,84,181
35,53,67
17,44,151
99,32,176
54,31,84
13,16,143
53,45,170
38,18,168
46,29,92
65,42,90
103,0,156
51,81,183
82,80,182
96,14,166
63,46,122
79,90,181
75,29,153
2,74,164
36,67,67
40,56,123
40,63,157
58,78,183
59,31,124
63,42,104
87,78,104
97,4,173
85,53,62
37,60,36
80,70,72
93,53,138
95,15,156
97,90,181
19,14,86
37,2,170
22,88,84
39,51,155
37,33,41
49,47,178
10,86,98
46,52,173
8,63,133
67,31,44
30,35,118
56,93,183
21,25,105
80,69,74
0,51,150
45,31,78
91,30,175
0,69,107
30,11,156
6,14,127
94,33,180
92,78,162
74,61,47
74,90,183
22,87,113
108,37,183
25,25,127
106,54,178
23,54,181
27,74,114
27,71,66
63,77,183
61,32,117
72,48,52
3,40,167
83,18,167
88,80,63
25,2,175
89,64,83
105,41,163
12,56,134
22,7,118
48,61,181
8,36,146
39,84,182
14,48,167
55,17,151
98,73,99
85,70,89
30,11,156
80,57,85
33,64,89
28,83,57
13,23,122
91,40,177
86,70,94
3,47,137
7,92,102
2,19,115
20,40,135
69,54,60
66,37,80
88,6,147
82,47,78
94,38,173
36,75,137
56,83,180
78,40,101
36,1,177
91,88,184
85,25,172
102,73,55
101,55,188
15,76,152
71,32,88
96,48,190
19,91,133
60,8,184
76,25,173
50,25,137
82,82,186
68,30,68
58,68,185
64,67,182
41,46,85
89,32,191
85,26,172
105,76,80
39,46,98
97,7,168
1,20,137
5,38,154
96,37,158
71,62,61
107,18,171
63,71,179
10,77,117
40,92,179
37,82,178
80,82,185
61,24,143
19,21,118
65,30,54
52,39,161
35,46,58
43,56,175
20,82,145
80,82,185
43,36,76
41,11,164
52,39,161
44,11,168
14,18,140
8,43,175
74,0,159
70,6,162
78,43,88
95,34,182
23,25,128
89,64,83
66,89,180
54,8,174
76,3,161
52,89,184
8,37,136
10,80,149
107,52,181
39,15,174
52,93,181
34,43,69
103,48,179
23,84,126
21,92,154
39,10,169
53,46,177
70,30,136
43,92,184
89,33,185
56,2,186
9,39,139
67,37,76
34,46,65
4,77,139
60,33,138
44,70,180
91,5,181
68,8,183
52,15,103
74,23,184
50,57,179
77,16,178
65,85,183
89,56,130
64,64,176
54,52,183
80,91,186
0,9,175
8,7,159
30,20,132
38,49,126
69,9,188
28,35,130
82,42,92
40,3,178
90,71,81
61,4,171
13,76,142
4,70,133
43,12,160
38,90,176
93,70,111
30,17,142
12,14,137
93,82,185
54,33,74
49,72,182
45,74,180
74,58,53
76,60,51
83,74,94
18,8,128
31,77,77
48,12,173
62,80,188
88,37,164
83,3,159
108,66,148
97,46,193
39,20,81
68,44,103
60,37,134
87,28,189
35,62,65
81,22,173
83,77,163
32,29,72
24,59,177
78,14,171
49,74,181
89,22,148
84,18,180
38,91,178
50,34,125
66,2,190
76,59,53
53,6,178
87,84,141
81,55,80
104,37,180
56,8,185
5,31,120
2,69,139
17,27,111
71,44,52
91,63,103
4,75,145
105,52,188
45,48,170
70,50,57
10,8,136
64,30,68
12,52,161
47,37,152
38,35,51
33,88,162
12,14,137
10,92,123
59,3,171
29,82,67
5,27,150
71,75,145
83,51,86
34,3,135
14,33,133
58,72,186
2,54,153
108,51,164
68,25,178
102,75,52
76,20,163
14,83,125
71,85,186
58,27,132
4,69,124
57,74,186
93,72,109
91,65,108
81,33,143
42,19,76
103,19,164
105,93,102
20,1,141
94,54,163
94,93,181
104,42,165
63,17,169
100,2,140
107,23,181
39,49,140
98,35,177
13,68,102
93,15,181
83,49,94
43,13,159
72,15,191
98,19,153
59,33,133
32,45,130
106,14,189
24,71,123
82,30,169
50,51,182
1,60,154
28,47,95
50,80,181
31,21,155
21,39,128
71,62,61
10,73,144
86,47,129
101,35,180
14,29,133
6,76,138
97,86,76
91,33,185
98,3,163
72,49,46
28,51,103
35,56,68
54,31,84
35,43,64
